NP_612384.1	NP_055105.2
NP_002855.1	AAA50404.1
NP_004636.1	NP_004851.1
NP_478126.1	NP_002784.1
NP_066921.2	NP_001014797.1
NP_001886.1	NP_932070.1
NP_892117.1	NP_006618.1
NP_006752.1	NP_068660.1
NP_005569.1	NP_542159.2
NP_001005.1	NP_008998.1
AAH32474.1	NP_055109.1
NP_003173.1	NP_060541.3
NP_006592.3	NP_001017963.1
NP_000466.2	NP_004227.1
NP_060848.2	NP_733779.1
NP_006218.1	NP_000032.1
NP_001020272.1	NP_000323.2
NP_057368.3	NP_055330.1
NP_079115.1	NP_006404.1
NP_004171.2	NP_079355.1
NP_001424.2	NP_001017963.1
NP_008973.1	NP_116269.2
NP_066964.1	NP_003160.2
NP_004718.1	NP_000078.2
NP_620305.1	NP_060362.3
NP_061324.1	NP_001895.1
NP_006100.2	NP_001284.1
NP_006829.1	NP_001406.1
NP_005624.2	P15941
NP_055525.3	NP_005233.3
NP_000050.2	NP_149075.2
NP_002816.1	NP_009171.1
NP_597709.2	NP_002810.1
NP_006629.2	NP_055844.1
NP_055586.1	NP_000312.2
NP_001456.3	NP_057421.1
NP_065438.1	NP_068595.3
NP_004624.1	NP_000567.1
NP_003874.2	NP_000312.2
NP_689846.1	NP_001984.1
NP_001020128.1	NP_060842.3
NP_057227.2	NP_003155.2
NP_110435.1	NP_001367.2
NP_061846.2	NP_003850.1
NP_005501.2	NP_001001998.1
NP_055260.1	NP_001737.1
NP_005139.1	NP_000724.1
NP_003874.2	NP_003391.1
NP_003611.1	NP_000960.2
NP_689926.1	BAD36741.1
NP_116024.1	NP_066983.1
NP_002816.1	NP_060625.1
NP_002961.1	NP_065853.2
NP_057403.1	NP_003644.2
NP_000312.2	NP_116090.2
NP_003241.2	NP_003724.1
NP_004851.1	NP_001026794.1
NP_001420.2	NP_000116.2
NP_001005743.1	AAH14214.1
NP_003631.2	NP_001547.1
NP_002816.1	NP_055580.1
NP_001202.4	NP_001247.2
NP_064581.2	NP_065976.2
NP_055456.2	NP_005648.1
NP_000061.1	NP_003485.1
NP_071935.1	NP_056240.2
NP_000536.4	NP_001895.1
NP_006459.3	NP_036336.1
NP_001311.3	NP_000116.2
NP_071933.2	NP_006386.1
NP_055217.2	NP_056347.1
NP_055191.2	NP_995314.1
NP_000356.1	NP_660198.1
NP_001420.2	NP_003202.3
NP_057213.2	NP_006839.2
NP_059523.1	NP_068751.4
NP_000631.1	NP_000580.1
NP_000073.1	NP_001914.3
NP_002148.1	NP_002147.2
NP_004856.1	NP_004483.1
AAA59925.1	NP_000475.1
NP_005220.1	NP_000336.1
NP_056465.2	NP_061132.2
NP_001612.1	NP_006531.1
NP_005094.1	NP_114064.1
NP_006863.2	NP_006704.2
NP_000578.2	NP_001726.2
NP_000116.2	NP_009204.1
NP_000244.1	NP_000375.2
NP_000966.2	NP_002383.2
NP_001026859.1	NP_006035.2
NP_006861.1	NP_001031.2
NP_788276.1	NP_003876.1
NP_005327.1	NP_001348.2
NP_002784.1	NP_002790.1
NP_000466.2	NP_036377.1
NP_056468.1	NP_598399.1
NP_071757.2	NP_000116.2
NP_004827.4	NP_001017963.1
NP_002937.1	NP_004517.2
NP_000315.1	NP_002091.2
NP_002261.3	NP_005076.3
NP_665860.1	NP_071731.1
NP_004032.2	NP_061833.1
NP_002125.3	NP_006824.2
NP_004759.1	NP_009210.1
NP_001612.1	NP_004119.1
NP_003073.1	NP_003075.1
NP_009210.1	NP_006749.1
NP_000724.1	NP_001059.2
NP_005556.1	NP_037446.1
NP_003854.1	NP_002632.1
P15941	NP_000029.2
NP_003602.1	NP_065853.2
NP_061960.1	NP_068597.2
NP_066267.2	NP_950238.1
NP_001886.1	NP_001960.2
NP_000841.1	NP_060842.3
NP_009103.2	NP_004055.1
NP_006839.2	NP_078919.2
NP_004437.2	NP_002878.2
NP_001006668.1	NP_055525.3
NP_036286.2	NP_803187.1
NP_683877.1	NP_001003677.1
NP_036520.1	NP_115498.2
NP_001001998.1	NP_055768.2
NP_079115.1	NP_006629.2
NP_004636.1	NP_789839.1
NP_001810.1	NP_055048.1
NP_061978.5	NP_001020537.2
NP_001427.2	NP_003945.2
NP_001009944.1	NP_001894.2
NP_004403.1	NP_065147.1
NP_003950.1	NP_009027.1
NP_002892.1	NP_000323.2
NP_000362.1	NP_003631.2
NP_066964.1	NP_006181.1
NP_000050.2	NP_068741.1
NP_054890.1	NP_004078.2
NP_653086.1	NP_062565.2
NP_006640.2	NP_060853.3
NP_006092.1	NP_000312.2
NP_919307.1	NP_001013.1
NP_036336.1	NP_001512.1
NP_004255.2	NP_003241.2
NP_002125.3	NP_057144.1
NP_008982.1	NP_001311.3
NP_078951.2	NP_000050.2
NP_003876.1	NP_001895.1
NP_060676.2	NP_003090.2
NP_004827.4	NP_001547.1
NP_446464.1	NP_115580.2
AAA52539.1	NP_000588.2
NP_057326.2	NP_060277.1
NP_001886.1	NP_690605.1
NP_006169.1	NP_065853.2
NP_001551.1	NP_056465.2
NP_004636.1	NP_077817.2
NP_612815.1	NP_000385.1
NP_714941.1	NP_055986.1
NP_008937.1	NP_065853.2
NP_005246.1	NP_003706.1
NP_001020262.1	NP_852133.1
NP_002816.1	NP_115557.1
NP_647593.1	AAH14214.1
NP_115516.1	NP_006839.2
NP_006557.1	NP_006496.2
NP_055103.3	NP_003989.2
NP_002937.1	NP_057632.2
NP_006393.2	NP_060842.3
NP_478102.1	NP_001002.1
NP_065116.2	NP_068749.3
NP_683877.1	NP_001230.1
NP_005501.2	NP_061874.3
NP_001059.2	NP_001311.3
NP_004630.2	NP_076422.1
NP_001886.1	NP_000917.3
NP_005582.1	NP_001460.1
NP_000408.1	NP_000869.1
NP_060780.2	NP_003077.2
NP_065908.1	NP_009190.2
NP_001914.3	NP_000098.1
AAH53553.1	NP_001028229.1
NP_060780.2	NP_005602.2
NP_001078923.1	NP_060853.3
NP_006457.2	NP_542397.1
NP_060853.3	NP_115496.2
NP_004291.1	NP_001895.1
NP_733796.2	NP_060842.3
NP_001001683.1	NP_001001651.1
NP_001034679.2	NP_001895.1
NP_060589.1	NP_001713.2
NP_478102.1	NP_000356.1
NP_001027024.3	NP_062565.2
NP_002175.2	NP_000556.1
NP_002862.2	NP_006640.2
NP_006452.3	NP_077721.1
NP_001547.1	NP_037386.1
NP_001001683.1	NP_598395.1
NP_002937.1	NP_057144.1
NP_005585.1	NP_068597.2
NP_006294.2	NP_004437.2
NP_001505.1	NP_003241.2
NP_002490.1	NP_006172.1
NP_056536.2	NP_056280.1
NP_002125.3	NP_065853.2
NP_116021.2	NP_057291.1
NP_005783.2	NP_002573.1
NP_891555.2	NP_391987.1
NP_714941.1	NP_060279.2
NP_065095.2	NP_078805.3
NP_001012300.1	NP_085136.1
NP_110435.1	NP_006752.1
NP_055525.3	NP_006393.2
NP_002175.2	NP_002301.1
NP_006087.2	NP_004850.1
NP_004851.1	NP_001012300.1
NP_078983.1	NP_079051.9
NP_003234.2	NP_002182.1
NP_001019.1	NP_055668.2
NP_000030.1	NP_055580.1
NP_000116.2	NP_003241.2
NP_056453.1	NP_001056.1
NP_002961.1	NP_115557.1
NP_006087.2	NP_004095.4
NP_002758.1	NP_775898.2
NP_005403.2	NP_001311.3
NP_001886.1	NP_001035147.1
NP_001028229.1	NP_004516.2
NP_000356.1	NP_065147.1
NP_056075.1	NP_003541.2
NP_001895.1	NP_001894.2
NP_002583.1	NP_002907.1
NP_001744.2	NP_005624.2
NP_002125.3	NP_060842.3
NP_060372.2	NP_003874.2
NP_000917.3	NP_000116.2
NP_065147.1	NP_001078923.1
NP_001092903.1	NP_001461.1
NP_006753.1	NP_055779.1
NP_001307.2	NP_000974.1
NP_000061.1	NP_061938.2
NP_000544.2	NP_006221.1
AAH20590.1	NP_000012.1
NP_478126.1	NP_001203.1
NP_776170.2	NP_958437.1
NP_005878.1	NP_065853.2
NP_000816.3	NP_000397.1
NP_005709.1	NP_945327.1
NP_006182.2	NP_000312.2
NP_775816.1	NP_002303.2
NP_001886.1	NP_000225.1
AAH32474.1	NP_002459.1
NP_004075.1	NP_002613.2
NP_055202.1	NP_005556.1
NP_003655.3	NP_001202.4
NP_958437.1	NP_001478.1
NP_002148.1	NP_005139.1
NP_004585.1	NP_004032.2
NP_004476.1	NP_057278.2
NP_002176.2	NP_000871.1
NP_071731.1	NP_001390.1
NP_002816.1	NP_005451.2
NP_002961.1	NP_006640.2
NP_002936.1	NP_003935.2
NP_005649.1	NP_001056.1
NP_004171.2	NP_001547.1
NP_068779.1	NP_277038.1
NP_057250.1	NP_003493.1
NP_001886.1	AAQ86961.1
NP_005251.1	NP_066981.2
NP_071767.3	NP_004949.1
NP_002256.2	NP_006258.2
NP_055839.2	NP_009166.2
NP_002961.1	NP_009164.1
NP_006040.1	NP_003077.2
CAA45056.1	AAH71758.1
NP_003664.1	NP_005250.1
NP_001010844.1	NP_001560.2
NP_001146.2	NP_078805.3
NP_055547.1	NP_291025.3
NP_937879.1	NP_031379.2
NP_003241.2	NP_003202.3
NP_061132.2	NP_002364.5
NP_005783.2	NP_054902.1
NP_789839.1	NP_078791.2
NP_002481.2	NP_004856.1
NP_057483.1	NP_863651.1
NP_004630.2	NP_005710.1
NP_006393.2	NP_115648.2
NP_000307.1	NP_004032.2
NP_001056.1	NP_149075.2
NP_758844.1	NP_056146.1
NP_003797.1	NP_612815.1
NP_071412.2	NP_009109.3
NP_000884.1	NP_000475.1
NP_005159.1	NP_001025226.1
NP_001743.1	NP_112218.2
NP_003631.2	NP_056284.1
NP_004560.1	NP_002632.1
NP_004636.1	NP_065854.3
NP_056202.2	NP_057144.1
NP_003043.2	NP_055927.2
NP_002937.1	NP_006824.2
NP_031379.2	NP_001017963.1
NP_000884.1	NP_000020.1
NP_005379.3	NP_110379.2
NP_036520.1	NP_060836.1
NP_060458.3	NP_004850.1
NP_001420.2	NP_004956.5
NP_112218.2	NP_057508.2
NP_003874.2	NP_127492.1
NP_659497.1	NP_036520.1
NP_071319.2	NP_066983.1
NP_003241.2	NP_444284.1
NP_001508.1	NP_005504.2
NP_004403.1	NP_115496.2
NP_004327.1	NP_003601.1
NP_006371.2	NP_055984.1
NP_004856.1	NP_005808.2
NP_006629.2	NP_005828.1
NP_009104.1	NP_872418.1
NP_002148.1	NP_001014809.1
NP_000323.2	NP_065854.3
AAQ62859.1	NP_579917.1
NP_733762.2	NP_004110.2
NP_005909.2	NP_002071.2
NP_006236.1	NP_859050.1
NP_055029.1	NP_055500.1
NP_066950.1	NP_612815.1
NP_004823.1	NP_115496.2
NP_001776.1	NP_835461.1
NP_001864.1	NP_000720.1
NP_932170.1	NP_057466.1
NP_002564.1	NP_006824.2
NP_001895.1	NP_000012.1
NP_116120.1	NP_000481.2
NP_057213.2	NP_004227.1
NP_006824.2	NP_114406.1
NP_003391.1	NP_005076.3
NP_001078923.1	NP_075568.1
NP_015566.1	NP_001895.1
NP_955450.2	NP_000020.1
NP_079115.1	NP_892117.1
NP_000724.1	NP_001035022.1
NP_001348.2	NP_003128.3
NP_671700.1	NP_002727.2
NP_005410.1	NP_000620.2
NP_001002755.1	NP_005661.1
NP_000065.1	AAH73779.1
NP_002094.2	NP_004121.2
NP_005709.1	NP_005710.1
NP_004721.1	NP_060564.2
NP_001020128.1	NP_003855.1
NP_000724.1	NP_036231.1
NP_000177.2	NP_001115.1
NP_055097.1	NP_001203.1
NP_057175.1	NP_001559.1
NP_002185.1	NP_000225.1
NP_001886.1	NP_056082.2
NP_002352.1	NP_997647.1
NP_477097.1	NP_004055.1
NP_036290.1	NP_733779.1
NP_057021.2	NP_005473.1
NP_006157.1	NP_006433.2
NP_001072993.1	NP_079175.2
NP_002072.1	NP_001020537.2
NP_002719.3	NP_000020.1
NP_001348.2	NP_036347.1
NP_065862.1	NP_004229.1
NP_002175.2	NP_000591.1
AAH71758.1	CAA29800.1
NP_000030.1	NP_004130.2
NP_002300.1	NP_002175.2
NP_004636.1	NP_079175.2
NP_443103.1	NP_001020128.1
NP_009109.3	NP_079051.9
NP_006824.2	NP_001559.1
NP_008958.1	NP_001059.2
NP_003391.1	NP_006258.2
NP_002717.3	NP_006174.1
NP_003664.1	NP_002383.2
NP_055981.1	NP_003286.1
NP_059830.1	NP_008860.4
NP_006345.1	NP_112574.3
NP_004620.1	NP_000127.2
NP_751892.1	NP_004078.2
NP_852133.1	NP_002680.2
NP_061825.2	NP_001420.2
NP_005602.2	NP_444284.1
NP_071757.2	NP_005307.1
NP_127497.1	NP_612815.1
NP_006824.2	NP_056425.1
NP_003249.1	NP_009107.1
NP_001007554.1	NP_002559.2
NP_653164.2	AAH07654.1
NP_002583.1	NP_001460.1
NP_006339.2	NP_000234.1
CAA68744.1	CAA29800.1
NP_001612.1	NP_001017963.1
NP_079331.3	NP_061938.2
NP_061960.1	NP_000964.1
NP_001420.2	NP_000536.4
NP_001021.1	NP_067027.1
NP_006640.2	NP_037433.2
NP_000576.1	NP_000197.1
NP_057668.1	NP_005526.1
NP_612815.1	NP_932070.1
NP_001420.2	NP_055456.2
NP_006169.1	NP_004595.2
NP_000539.2	NP_444284.1
NP_116296.1	NP_004630.2
NP_001551.1	NP_002179.2
NP_060103.2	NP_004281.1
NP_001001973.1	NP_064528.1
NP_036565.2	NP_054829.2
NP_003682.2	NP_001020272.1
NP_964011.2	NP_115496.2
NP_001009566.1	NP_008958.1
NP_065816.2	NP_060362.3
NP_110435.1	NP_000421.1
NP_004848.2	NP_004078.2
NP_003070.3	NP_000116.2
NP_003541.2	NP_036233.2
NP_004228.1	NP_055126.1
NP_002870.2	NP_000113.1
NP_001001998.1	NP_478126.1
NP_001460.1	NP_005984.3
NP_001886.1	NP_008982.1
NP_391987.1	NP_758869.1
NP_002961.1	NP_002148.1
NP_056279.1	NP_001709.1
NP_065393.1	NP_001020272.1
NP_060496.2	NP_000867.2
NP_005307.1	NP_000114.2
NP_001420.2	NP_065147.1
NP_055647.2	NP_008958.1
NP_006640.2	NP_077817.2
NP_057126.2	NP_003676.1
NP_060897.3	NP_005670.2
NP_647593.1	NP_055717.2
NP_006092.1	NP_663735.2
NP_004619.2	NP_005307.1
NP_077007.1	NP_003085.1
NP_004773.1	AAH14214.1
NP_005984.3	NP_054734.2
NP_945316.1	NP_000307.1
NP_004773.1	NP_005810.1
NP_714941.1	NP_002086.1
NP_001334.2	NP_003493.1
NP_003593.3	NP_001017963.1
NP_009190.2	NP_001001433.1
NP_061874.3	NP_036453.1
NP_000362.1	NP_005520.4
NP_758844.1	NP_000012.1
AAA59925.1	NP_004856.1
NP_036234.3	NP_114060.1
NP_848928.1	NP_002727.2
NP_003178.1	NP_005325.2
NP_542382.1	NP_001001651.1
NP_061730.1	NP_115496.2
NP_001003811.1	NP_061977.1
NP_002936.1	NP_071921.1
NP_002564.1	NP_068597.2
NP_006218.1	NP_001634.1
NP_004698.2	NP_114060.1
NP_055182.3	NP_001017963.1
NP_057041.1	NP_863651.1
NP_689837.2	NP_002784.1
NP_000960.2	NP_002256.2
NP_003136.1	NP_003130.2
NP_004851.1	NP_057099.3
NP_003114.1	NP_075556.1
NP_203526.1	NP_005139.1
NP_067032.3	NP_003912.1
NP_055547.1	NP_006109.2
NP_612815.1	NP_619580.1
NP_004437.2	NP_945327.1
NP_075050.3	NP_001195.2
NP_444284.1	NP_001895.1
NP_003874.2	NP_938015.1
NP_001001557.1	NP_001195.2
NP_003706.1	NP_006169.1
NP_004636.1	NP_006027.2
NP_003114.1	NP_001895.1
NP_061730.1	NP_060842.3
NP_009194.2	NP_001091868.1
NP_002939.2	NP_006824.2
NP_001035147.1	NP_000601.3
NP_004516.2	NP_000574.2
NP_055136.1	NP_006181.1
NP_065726.1	NP_006799.1
AAG30114.1	NP_056536.2
NP_067681.1	NP_003256.1
NP_000323.2	NP_008937.1
NP_001762.1	NP_005556.1
NP_000480.2	NP_002816.1
NP_149061.1	NP_001031.2
NP_001450.2	NP_000890.1
NP_067681.1	NP_000868.1
NP_612815.1	NP_061820.1
NP_000323.2	NP_002964.2
NP_054706.1	NP_060362.3
NP_002816.1	NP_964011.2
NP_077271.1	NP_005920.2
NP_937879.1	NP_002364.5
NP_001744.2	NP_004466.2
NP_002816.1	NP_003135.1
NP_005723.2	NP_068749.3
NP_008882.2	NP_004119.1
NP_003870.3	NP_001547.1
NP_009109.3	NP_005576.3
NP_006640.2	NP_005878.1
NP_003126.1	NP_003127.1
NP_000323.2	NP_689885.3
NP_004851.1	NP_055976.1
NP_006531.1	NP_003070.3
NP_000126.2	NP_073562.1
NP_055022.1	NP_001773.1
NP_061820.1	NP_004100.1
NP_006532.2	NP_114060.1
NP_002709.2	NP_699171.3
NP_000184.1	NP_001108.1
NP_000323.2	NP_060245.2
NP_004243.1	NP_036603.1
NP_001245.1	NP_002583.1
NP_056536.2	NP_009135.3
NP_003655.3	NP_004850.1
NP_002884.1	NP_000312.2
NP_005122.1	NP_000312.2
NP_114064.1	NP_057569.2
NP_006387.1	NP_077013.1
NP_001188.1	NP_612815.1
NP_001013861.1	NP_116119.2
NP_001886.1	NP_001223.2
NP_001744.2	NP_068773.2
NP_001348.2	NP_006550.1
NP_115830.1	NP_006222.2
NP_004259.3	NP_598395.1
NP_055816.2	NP_005340.2
NP_037498.1	NP_644815.1
NP_057213.2	NP_057670.1
NP_000982.2	NP_059347.2
NP_000536.4	NP_000468.1
NP_006157.1	NP_001420.2
NP_006087.2	NP_002799.3
NP_006818.3	NP_758844.1
NP_004516.2	NP_005568.2
NP_001202.4	NP_001804.2
NP_006810.1	NP_001017963.1
NP_361014.1	NP_000012.1
NP_036234.3	NP_079086.1
NP_006824.2	NP_057213.2
NP_000277.1	NP_002848.1
NP_001559.1	NP_006686.1
NP_060328.1	NP_003911.1
NP_071921.1	NP_002680.2
NP_003274.2	NP_004851.1
NP_116021.2	NP_004587.1
NP_002564.1	NP_009107.1
NP_003801.1	NP_115496.2
NP_004829.2	BAC87492.1
NP_663634.2	NP_004834.1
NP_001006668.1	NP_001050.1
NP_115927.1	NP_114034.1
NP_005783.2	NP_001014.1
NP_056201.2	NP_031383.1
NP_001028229.1	NP_000556.1
NP_002816.1	NP_061336.1
NP_003043.2	NP_060158.1
NP_004848.2	NP_002727.2
NP_659491.4	NP_000050.2
NP_005307.1	NP_004517.2
NP_064577.1	NP_065853.2
NP_001020128.1	NP_001017963.1
NP_001073594.1	NP_001895.1
NP_009152.2	NP_006824.2
NP_945327.1	NP_775898.2
NP_060647.2	NP_001420.2
NP_065139.2	NP_001031.2
NP_003797.1	NP_001203.1
NP_055259.2	NP_079204.1
NP_002936.1	NP_004517.2
NP_005783.2	NP_009107.1
NP_004517.2	NP_056202.2
NP_065821.1	NP_653086.1
NP_714941.1	NP_003391.1
NP_009142.2	NP_689543.1
NP_005568.2	NP_001737.1
NP_009109.3	NP_003085.1
NP_001078923.1	NP_006393.2
NP_000750.1	NP_724781.1
NP_000349.1	NP_997647.1
NP_036411.1	NP_036350.2
NP_003790.1	NP_003791.3
NP_000199.2	NP_003740.2
NP_001460.1	NP_004850.1
NP_003577.2	NP_003156.1
NP_036555.1	NP_057632.2
NP_478126.1	NP_008937.1
NP_003607.1	NP_009210.1
NP_006258.2	NP_000504.1
NP_777581.1	NP_036453.1
NP_478126.1	NP_055100.2
NP_003495.1	NP_002544.1
NP_001014809.1	NP_004228.1
NP_076964.1	NP_006839.2
NP_003178.1	NP_001505.1
NP_057002.2	NP_006618.1
NP_036243.1	NP_001017963.1
NP_057321.2	NP_002559.2
NP_055223.1	NP_077013.1
NP_001035147.1	NP_391987.1
NP_002961.1	NP_006824.2
NP_569082.1	NP_000526.1
NP_000899.1	NP_006163.1
NP_006435.2	NP_005487.3
BAC05261.1	NP_061874.3
NP_079349.1	NP_037386.1
NP_061874.3	NP_004630.2
NP_006382.1	NP_001002.1
NP_005220.1	NP_056202.2
NP_000574.2	NP_078805.3
NP_060273.1	NP_004437.2
NP_001737.1	NP_000407.1
NP_001006611.1	NP_003170.1
NP_009107.1	NP_115867.1
NP_000116.2	NP_004796.1
NP_004949.1	NP_689969.2
NP_542416.1	NP_001895.1
NP_037423.2	NP_004517.2
NP_004720.1	NP_056232.2
NP_006822.1	NP_008937.1
NP_057126.2	NP_057492.2
NP_001810.1	NP_009214.1
NP_054740.2	NP_003138.3
NP_004228.1	AAH07654.1
NP_004228.1	NP_000146.2
NP_003692.1	NP_003989.2
NP_067681.1	AAH32474.1
NP_005787.1	NP_714941.1
NP_055656.1	NP_858058.1
NP_004806.3	NP_542416.1
NP_115686.3	NP_003912.1
NP_996919.1	NP_001420.2
NP_001202.4	NP_000050.2
NP_056473.1	NP_060842.3
NP_001246.2	NP_110379.2
NP_060315.1	NP_064527.1
CAD56889.1	NP_055768.2
NP_003250.2	NP_000012.1
AAH07654.1	NP_077001.1
NP_057253.2	NP_005340.2
NP_001886.1	NP_001895.1
NP_009152.2	NP_065853.2
NP_002862.2	NP_001008661.1
NP_055706.1	NP_002599.1
NP_055976.1	NP_361014.1
NP_001461.1	NP_006169.1
NP_006386.1	NP_004698.2
NP_057144.1	NP_057542.2
NP_006087.2	NP_689508.3
NP_001521.1	NP_542380.1
NP_000323.2	NP_002037.2
NP_004376.2	NP_000601.3
NP_005307.1	NP_005504.2
NP_055580.1	NP_057572.5
NP_071731.1	NP_005649.1
NP_076959.1	NP_775891.1
NP_003019.2	NP_004438.3
NP_904358.1	NP_068597.2
NP_000975.2	NP_002261.3
NP_612639.2	NP_008882.2
NP_112190.1	NP_006181.1
NP_892006.1	CAA27173.1
NP_004223.2	NP_112506.2
NP_057632.2	NP_997239.1
NP_004231.1	NP_001006635.1
NP_068779.1	NP_001335.1
NP_006830.1	NP_056284.1
NP_036377.1	NP_005340.2
NP_001334.2	NP_004516.2
NP_002937.1	NP_002936.1
NP_001002.1	NP_002262.3
NP_003631.2	NP_751918.1
NP_004243.1	NP_009133.2
NP_004228.1	NP_660305.2
NP_006181.1	NP_004517.2
NP_061874.3	NP_001091896.1
NP_000408.1	NP_000577.2
NP_055048.1	NP_036231.1
NP_006083.1	NP_001073594.1
NP_002287.2	NP_002752.1
NP_067026.2	NP_788276.1
NP_000421.1	NP_114034.1
NP_056295.1	NP_062565.2
NP_008835.5	NP_001609.1
NP_009217.3	NP_001028229.1
NP_055070.1	NP_055753.3
NP_005467.1	NP_060621.3
NP_056202.2	NP_006839.2
NP_072097.2	NP_065908.1
NP_004765.2	NP_000116.2
NP_000323.2	NP_001002909.1
NP_005649.1	NP_006281.1
NP_001007241.2	NP_000690.1
NP_000323.2	NP_009165.1
NP_006701.1	NP_004227.1
NP_005862.1	NP_002256.2
NP_002790.1	NP_002786.2
NP_886553.2	NP_003675.2
NP_000152.1	NP_036243.1
NP_060181.2	NP_982264.2
NP_715639.1	NP_055247.2
NP_004636.1	NP_055534.1
NP_000512.1	NP_008824.2
NP_055696.2	NP_005648.1
NP_000539.2	NP_004055.1
NP_001631.3	NP_079094.1
AAA35801.1	NP_006824.2
NP_036311.3	NP_733779.1
CAD56889.1	NP_057126.2
NP_004053.1	NP_001895.1
AAN62764.1	NP_061874.3
NP_006830.1	NP_115580.2
NP_001348.2	NP_001505.1
NP_001003811.1	NP_003480.2
NP_620603.1	NP_005911.1
NP_055975.1	NP_001195.2
NP_478102.1	NP_002383.2
NP_689837.2	NP_036286.2
NP_001074305.1	NP_078808.3
NP_002037.2	NP_002937.1
NP_003479.1	NP_001744.2
NP_003317.1	NP_003318.1
NP_005622.1	NP_000255.2
NP_006387.1	NP_689738.3
NP_002403.1	NP_001886.1
NP_001880.2	NP_000385.1
NP_068809.1	NP_002687.1
NP_003064.2	NP_996744.1
NP_006375.1	NP_000012.1
NP_005438.2	NP_000910.2
NP_002697.1	NP_001547.1
NP_004281.1	NP_000116.2
NP_001026794.1	NP_060362.3
NP_150638.1	NP_996670.1
NP_001822.2	NP_000475.1
NP_001129.1	NP_057446.1
NP_037386.1	NP_004171.2
NP_061168.2	NP_060279.2
NP_003655.3	NP_003450.2
NP_005451.2	NP_001006611.1
NP_068779.1	NP_113584.3
NP_055097.1	NP_982264.2
NP_619525.1	NP_000867.2
NP_982261.2	NP_001025178.1
NP_006830.1	NP_075066.1
NP_003874.2	NP_006229.1
NP_000544.2	NP_001609.1
NP_478102.1	NP_002848.1
NP_055521.1	NP_004689.1
NP_054753.1	NP_898880.1
NP_000876.3	NP_001035919.1
NP_579917.1	NP_006222.2
NP_004078.2	NP_001001331.1
NP_005504.2	NP_000113.1
NP_071741.2	NP_004497.1
NP_009103.2	NP_003391.1
NP_904357.1	NP_733779.1
NP_543157.1	NP_597677.2
NP_001810.1	NP_006293.1
NP_892120.2	NP_001026913.1
NP_598399.1	NP_067061.1
NP_003655.3	NP_004327.1
NP_003125.2	NP_003124.1
AAA35801.1	NP_116269.2
NP_149095.2	NP_067058.1
NP_004876.1	NP_000896.1
NP_055647.2	NP_065071.1
NP_006087.2	NP_002559.2
NP_055816.2	NP_004730.2
NP_064581.2	NP_000115.1
NP_001001973.1	NP_002816.1
NP_009133.2	NP_002727.2
NP_077021.1	NP_055048.1
NP_003650.1	NP_055051.1
NP_996919.1	NP_009104.1
NP_863651.1	NP_612815.1
NP_036377.1	NP_005602.2
NP_001737.1	NP_009108.1
NP_003945.2	NP_000960.2
NP_001246.2	NP_001202.4
NP_003450.2	NP_001275.1
NP_057542.2	NP_060116.2
NP_588612.1	AAH28049.1
NP_006564.1	NP_001183.2
NP_005251.1	NP_057137.1
NP_001547.1	NP_001073594.1
NP_001003811.1	NP_061938.2
NP_000323.2	NP_056077.1
NP_000220.1	NP_000030.1
NP_001744.2	NP_000116.2
NP_006816.2	NP_115580.2
NP_001921.1	NP_001961.1
NP_000154.1	NP_072051.1
NP_001014809.1	NP_788276.1
NP_001886.1	NP_068660.1
CAA41990.1	NP_115754.2
NP_055816.2	NP_006229.1
NP_003391.1	NP_001961.1
NP_001017963.1	NP_000375.2
NP_005139.1	NP_060791.3
NP_005755.1	NP_006824.2
NP_009107.1	NP_659451.1
NP_002125.3	NP_055525.3
NP_066970.2	NP_002583.1
NP_001559.1	NP_065147.1
NP_001009944.1	NP_001006611.1
NP_006799.1	NP_055109.1
NP_054829.2	NP_009107.1
NP_002680.2	NP_114406.1
NP_001017963.1	NP_003945.2
NP_000652.2	NP_066547.1
NP_055525.3	NP_001050.1
NP_008998.1	NP_002681.1
NP_000323.2	NP_003884.1
NP_060921.3	NP_002277.3
NP_004516.2	NP_000032.1
NP_005685.1	NP_006824.2
NP_001226.2	NP_055048.1
NP_055048.1	NP_001886.1
NP_005576.3	NP_006107.1
NP_002222.1	NP_391987.1
NP_057535.1	NP_006792.1
NP_036558.3	NP_036565.2
NP_055731.2	NP_006232.1
NP_067068.1	NP_009185.2
NP_055717.2	NP_115568.2
NP_002613.2	NP_006830.1
NP_056279.1	NP_001246.2
NP_006023.1	NP_777283.1
NP_003173.1	NP_997647.1
NP_009107.1	NP_064527.1
NP_001014809.1	NP_115500.1
NP_001420.2	NP_002421.3
NP_060247.2	NP_065147.1
NP_009104.1	NP_056076.1
NP_060740.1	NP_996670.1
NP_000620.2	NP_997468.1
NP_127497.1	NP_004338.1
AAH20590.1	NP_056146.1
NP_000917.3	NP_057250.1
NP_071356.1	NP_115708.1
NP_006752.1	NP_000539.2
NP_004949.1	NP_065812.1
NP_056284.1	NP_057632.2
NP_001019801.2	NP_005672.1
NP_006087.2	NP_001014.1
NP_003216.1	NP_872342.2
NP_000975.2	NP_006382.1
NP_006592.3	NP_006810.1
NP_003835.2	NP_001073594.1
NP_065746.3	NP_003189.1
NP_000261.1	NP_068597.2
NP_954986.2	NP_000336.1
NP_001078923.1	NP_001035919.1
NP_005850.1	NP_000312.2
NP_004260.2	NP_542382.1
NP_596868.1	NP_002681.1
NP_001019801.2	NP_074036.1
NP_008835.5	NP_002303.2
NP_001012300.1	NP_057137.1
NP_000114.2	NP_001508.1
NP_777584.1	NP_055399.1
NP_071396.3	NP_005307.1
NP_000726.1	NP_002816.1
NP_005782.1	NP_219484.1
NP_006387.1	NP_079331.3
NP_689729.1	NP_060298.2
NP_000451.1	NP_005364.1
NP_005602.2	NP_116090.2
NP_938150.1	NP_036367.2
NP_006399.1	NP_068597.2
NP_115516.1	NP_077817.2
NP_000629.3	NP_000930.1
NP_037394.2	NP_055070.1
NP_004283.2	NP_006752.1
NP_000480.2	NP_065853.2
NP_000161.2	NP_112218.2
NP_003706.1	NP_004477.2
NP_775832.1	NP_003989.2
NP_055128.1	NP_060745.3
NP_006793.1	NP_006749.1
NP_001886.1	NP_000629.3
NP_036555.1	NP_116196.3
NP_060918.2	NP_003579.3
NP_056468.1	NP_006839.2
NP_061848.2	NP_005723.2
NP_000323.2	NP_998820.1
NP_002261.3	NP_003126.1
NP_060740.1	NP_631938.1
NP_619525.1	NP_004850.1
NP_060926.2	NP_037474.1
NP_006597.2	NP_005602.2
NP_079331.3	NP_006839.2
NP_006092.1	NP_036520.1
NP_573566.2	NP_705582.1
NP_076944.1	NP_006092.1
NP_001420.2	NP_006229.1
NP_006131.2	NP_000749.2
NP_114060.1	NP_064532.1
NP_003785.1	NP_647593.1
NP_005139.1	NP_004441.1
NP_000072.2	NP_001311.3
NP_055150.1	NP_001420.2
NP_001238.1	NP_000323.2
NP_004243.1	NP_001895.1
NP_005139.1	NP_002799.3
NP_002784.1	NP_002786.2
NP_008835.5	NP_006375.1
NP_877428.1	NP_003494.1
BAA05892.1	NP_004829.2
NP_001886.1	NP_002961.1
NP_005810.1	NP_003816.2
NP_009166.2	NP_005327.1
NP_002531.3	NP_077721.1
NP_002543.2	NP_006181.1
NP_002328.1	NP_002680.2
NP_002583.1	NP_000225.1
NP_997274.2	O75916
NP_002816.1	NP_077021.1
NP_060879.2	NP_003644.2
NP_150593.1	NP_000629.3
NP_003494.1	NP_055136.1
NP_658985.2	NP_000030.1
NP_683877.1	NP_061938.2
NP_006752.1	NP_003740.2
NP_009048.1	NP_001864.1
NP_057202.2	NP_055151.3
NP_006818.3	NP_056146.1
NP_776170.2	NP_060836.1
NP_002256.2	NP_945316.1
NP_055700.1	NP_001246.2
NP_037415.1	NP_005902.1
NP_998786.1	NP_001737.1
NP_005251.1	AAQ89335.1
NP_004823.1	NP_065853.2
NP_055075.1	BAA14006.1
NP_055693.4	NP_079023.2
NP_612211.1	NP_055293.1
NP_001629.1	NP_001634.1
NP_742150.1	NP_000619.3
NP_003391.1	NP_001059.2
NP_004354.2	NP_065831.1
NP_004630.2	NP_003155.2
AAQ86961.1	NP_006387.1
NP_005641.1	NP_000116.2
NP_005783.2	NP_277050.2
NP_000360.2	NP_001737.1
NP_596869.3	NP_000061.1
NP_059347.2	NP_000963.1
NP_068761.4	NP_115500.1
NP_000960.2	NP_002262.3
NP_000279.1	NP_000310.2
NP_003155.2	NP_060842.3
NP_003601.1	NP_065147.1
NP_446464.1	NP_071921.1
NP_003886.2	NP_647593.1
NP_003480.2	NP_006839.2
NP_006490.3	NP_391987.1
NP_004520.1	NP_006371.2
NP_001012300.1	NP_542199.1
NP_057374.3	NP_201591.2
NP_057322.1	NP_003894.3
NP_004438.3	NP_036520.1
NP_001001973.1	NP_002680.2
NP_003874.2	AAL78298.1
NP_115754.2	NP_001014809.1
NP_004222.2	NP_065853.2
NP_002717.3	NP_000020.1
P33316	NP_006229.1
NP_066964.1	NP_003210.1
NP_789839.1	NP_056258.1
NP_006087.2	NP_001003.1
NP_005094.1	NP_002816.1
NP_065104.1	NP_863651.1
NP_000929.1	NP_066951.1
NP_060773.3	NP_009208.2
NP_071344.1	NP_000072.2
NP_056347.1	NP_542397.1
NP_060559.2	NP_079234.1
NP_036252.1	NP_000288.1
NP_055268.1	NP_003778.2
NP_057446.1	NP_000221.1
NP_001014797.1	NP_002125.3
NP_036584.1	NP_006564.1
NP_001420.2	NP_005723.2
NP_006511.1	NP_060369.2
NP_006100.2	NP_077007.1
NP_065857.1	NP_005013.1
NP_000350.1	NP_002999.1
NP_003450.2	NP_003929.4
NP_002607.1	NP_055525.3
NP_005648.1	NP_775960.4
NP_057175.1	NP_060897.3
NP_006371.2	NP_000475.1
NP_002613.2	NP_060842.3
NP_002799.3	NP_060842.3
NP_003391.1	NP_003210.1
NP_037498.1	NP_001246.2
NP_001012410.1	NP_001460.1
NP_055512.1	NP_000611.1
NP_000666.2	NP_000013.2
NP_055136.1	NP_001245.1
NP_005139.1	NP_061960.1
NP_036439.2	NP_057670.1
NP_115927.1	NP_003876.1
NP_001019801.2	NP_001420.2
NP_000197.1	NP_002177.2
NP_068800.2	NP_003997.1
NP_009172.2	NP_057159.2
NP_004403.1	NP_060842.3
NP_000959.2	NP_003945.2
NP_004636.1	AAH07654.1
NP_005307.1	NP_001506.1
NP_055700.1	NP_057322.1
NP_006839.2	NP_036267.1
NP_852133.1	NP_076423.2
NP_002613.2	NP_065853.2
NP_079239.2	NP_114060.1
NP_003621.1	NP_002848.1
NP_005210.3	NP_060362.3
NP_006092.1	NP_003541.2
NP_065777.1	NP_006174.1
NP_715637.1	NP_000308.1
NP_065699.1	NP_003732.2
NP_000975.2	NP_002262.3
NP_004223.2	NP_003740.2
NP_000631.1	NP_002179.2
NP_036309.1	NP_001246.2
NP_071923.2	NP_001895.1
NP_001612.1	NP_001420.2
NP_057168.1	NP_000611.1
NP_004228.1	NP_057703.1
NP_005585.1	NP_076423.2
NP_000312.2	NP_002157.2
NP_005467.1	NP_001014809.1
NP_057466.1	NP_055202.1
NP_150592.1	NP_001460.1
NP_000312.2	NP_444284.1
NP_031379.2	NP_000360.2
NP_001494.2	NP_000030.1
NP_003911.1	NP_002607.1
NP_002516.1	NP_001732.1
NP_003785.1	NP_060708.1
NP_001012300.1	NP_076974.1
NP_060897.3	NP_005671.1
AAQ62859.1	NP_004498.1
NP_005307.1	NP_000116.2
NP_006830.1	NP_071921.1
NP_066566.3	NP_000475.1
NP_062565.2	NP_000923.1
NP_852610.1	NP_002364.5
NP_955631.1	NP_015566.1
NP_055844.1	NP_006618.1
NP_001512.1	NP_000312.2
NP_079456.2	NP_076974.1
NP_057002.2	NP_055844.1
NP_004130.2	NP_004336.2
AAC39889.1	NP_003155.2
NP_002564.1	NP_689485.1
AAH07654.1	NP_006839.2
NP_068779.1	NP_004313.1
NP_009107.1	NP_061730.1
NP_001036249.1	NP_612423.1
NP_150091.2	NP_005325.2
NP_004453.3	NP_077310.1
NP_002961.1	NP_057144.1
NP_057322.1	NP_001247.2
NP_036427.1	AAH28049.1
NP_073599.2	NP_001031.2
NP_001506.1	NP_000113.1
NP_006752.1	NP_004313.1
NP_003241.2	NP_004227.1
NP_002989.2	NP_003234.2
NP_001744.2	NP_000475.1
NP_009041.2	NP_003210.1
NP_004441.1	NP_115496.2
NP_001036111.1	NP_858058.1
NP_714941.1	NP_004497.1
NP_002037.2	NP_000475.1
NP_055211.2	NP_003929.4
NP_000323.2	NP_056176.2
NP_001602.1	NP_003801.1
NP_065845.1	NP_001323.1
NP_443107.1	NP_060676.2
NP_002816.1	NP_002799.3
NP_004840.1	NP_004698.2
NP_085097.3	NP_114034.1
NP_006382.1	NP_003126.1
NP_003705.1	NP_004199.1
NP_006707.1	NP_004517.2
NP_002862.2	NP_006393.2
NP_005994.1	NP_001907.2
NP_006550.1	NP_005046.2
NP_003286.1	NP_115754.2
NP_001907.2	NP_061820.1
NP_005094.1	NP_006375.1
NP_001136.1	NP_001174.2
NP_006100.2	NP_037473.3
NP_055800.2	NP_036439.2
NP_001886.1	NP_054829.2
NP_009210.1	NP_036242.1
NP_996895.1	AAC39542.1
NP_006371.2	NP_006444.2
NP_008835.5	NP_001460.1
NP_002964.2	NP_005428.1
NP_115553.2	NP_003391.1
NP_000323.2	NP_062817.1
NP_115498.2	NP_150282.1
NP_065821.1	NP_004808.2
NP_079107.5	NP_001420.2
NP_689737.3	NP_859050.1
NP_478126.1	NP_061874.3
NP_057250.1	NP_057253.2
NP_005756.2	NP_000528.1
NP_631906.2	NP_003997.1
NP_078805.3	NP_001895.1
NP_065134.1	NP_005076.3
NP_003740.2	NP_055048.1
NP_001770.1	NP_055500.1
NP_057212.1	NP_006592.3
NP_478126.1	NP_036546.2
NP_066920.1	NP_006752.1
NP_001315.1	NP_001317.1
NP_886553.2	NP_002559.2
NP_000963.1	NP_064583.1
NP_003381.1	NP_001886.1
O75916	NP_057278.2
NP_005420.1	NP_891555.2
NP_002003.1	NP_002147.2
NP_000841.1	NP_945327.1
NP_690601.1	NP_005709.1
NP_689729.1	NP_444269.1
NP_068577.1	NP_001560.2
NP_001014797.1	NP_004128.1
NP_001035919.1	NP_001420.2
NP_055494.2	NP_057374.3
NP_002959.2	NP_059523.1
NP_001323.1	NP_000012.1
NP_055227.1	NP_733779.1
NP_004266.2	NP_001001651.1
NP_060383.2	NP_001017963.1
NP_001012750.1	NP_079175.2
NP_073622.2	NP_009193.2
NP_653247.1	CAA34971.1
NP_003816.2	NP_000483.3
NP_079522.2	NP_085152.1
NP_000030.1	NP_000362.1
NP_055259.2	NP_006839.2
NP_862820.1	NP_006181.1
NP_002583.1	NP_000114.2
NP_006087.2	NP_000958.1
NP_057144.1	NP_005878.1
NP_114434.3	NP_036374.1
NP_671700.1	NP_859050.1
NP_000574.2	NP_005761.2
NP_000359.1	NP_000539.2
NP_000126.2	NP_000127.2
NP_705838.3	NP_115498.2
NP_640337.2	NP_004595.2
NP_000997.1	NP_001609.1
NP_001013654.1	NP_003234.2
NP_068506.1	NP_001035919.1
NP_036379.2	NP_001014809.1
NP_055312.2	NP_114060.1
NP_003234.2	NP_002183.1
NP_004513.1	NP_006531.1
NP_005582.1	NP_149075.2
NP_001207.1	NP_001894.2
NP_000610.2	NP_005525.2
NP_001001651.1	NP_004261.1
NP_002290.2	NP_001737.1
NP_976033.1	NP_006749.1
NP_001230.1	NP_005307.1
NP_113670.1	NP_004698.2
NP_005496.4	NP_000032.1
NP_004851.1	NP_073593.2
NP_001246.2	NP_003894.3
NP_055135.1	NP_573566.2
NP_115805.1	NP_006839.2
NP_004620.1	NP_000050.2
NP_886553.2	NP_001960.2
NP_003854.1	NP_003850.1
NP_006223.2	NP_000929.1
NP_004483.1	NP_005504.2
NP_036526.2	NP_002614.2
NP_006165.1	NP_000896.1
NP_002695.1	NP_005685.1
NP_008952.1	NP_006839.2
NP_003706.1	NP_006546.1
NP_001246.2	NP_073153.1
NP_001008701.1	NP_002935.2
NP_078821.2	NP_057458.4
AAC39542.1	NP_391987.1
NP_112506.2	NP_060469.4
NP_001005743.1	NP_002383.2
NP_002256.2	NP_057404.2
NP_059345.1	NP_004438.3
NP_996925.1	NP_000343.2
NP_060501.2	NP_036253.2
NP_001014809.1	NP_254274.1
NP_000466.2	NP_003480.2
NP_002559.2	NP_060564.2
NP_001524.2	NP_542380.1
NP_076959.1	NP_982264.2
NP_056258.1	NP_061938.2
NP_001031.2	NP_079355.1
NP_391987.1	NP_002147.2
NP_056183.2	NP_002553.2
NP_055530.2	NP_000825.1
NP_059347.2	NP_444505.1
NP_004851.1	NP_065393.1
NP_006707.1	NP_003494.1
NP_000385.1	NP_000468.1
NP_116196.3	NP_733779.1
NP_004516.2	NP_003348.1
NP_115503.1	NP_612402.1
NP_055668.2	NP_060181.2
NP_003835.2	NP_003801.1
NP_001886.1	NP_006214.2
NP_001886.1	NP_000166.2
NP_066552.1	NP_001014809.1
NP_114060.1	NP_057040.2
NP_612639.2	NP_005635.1
AAB48030.1	NP_005522.2
NP_005094.1	NP_006830.1
NP_003602.1	NP_061872.2
NP_001012300.1	NP_003210.1
NP_002961.1	NP_115496.2
NP_060103.2	NP_005327.1
NP_006418.2	NP_612815.1
NP_001521.1	NP_001420.2
NP_001864.1	NP_002680.2
NP_001961.1	NP_112594.1
NP_001009944.1	NP_054706.1
NP_954592.1	NP_001420.2
NP_002816.1	NP_057542.2
NP_061933.1	NP_060842.3
NP_006087.2	NP_000996.2
NP_002511.1	NP_003391.1
NP_005205.2	NP_005182.1
NP_478102.1	NP_001611.1
NP_003174.3	NP_000585.2
NP_006729.4	NP_000116.2
NP_002481.2	NP_004630.2
NP_001466.1	NP_071916.2
NP_004228.1	NP_071412.2
NP_001014809.1	NP_056202.2
NP_443082.2	NP_001311.3
NP_005209.1	NP_060621.3
NP_001078.2	NP_945327.1
NP_612193.1	NP_002665.2
NP_059523.1	NP_006640.2
NP_002037.2	NP_061960.1
NP_077748.2	NP_001031.2
NP_001420.2	NP_006824.2
NP_001078868.1	NP_005100.1
NP_004730.2	NP_002884.1
NP_055055.1	NP_008973.1
NP_057250.1	NP_056080.1
NP_004630.2	NP_079164.1
NP_002548.3	NP_003145.1
NP_003482.1	NP_000006.2
NP_004291.1	NP_060441.2
NP_001025178.1	NP_002364.5
NP_006735.2	NP_000362.1
NP_057130.1	CAD56889.1
NP_004992.2	NP_060597.4
NP_004851.1	NP_036233.2
NP_003894.3	NP_001247.2
NP_075011.1	NP_006375.1
NP_005251.1	NP_061730.1
NP_001025178.1	NP_061039.2
AAH26351.1	AAA60120.1
NP_001195.2	NP_005363.1
NP_055895.1	NP_149033.2
NP_061138.3	NP_071350.2
NP_001810.1	NP_002964.2
NP_006222.2	NP_008958.1
NP_000064.1	AAH71758.1
NP_057736.4	NP_001017963.1
NP_005139.1	NP_005783.2
NP_055150.1	NP_002383.2
NP_004829.2	Q14643
NP_671700.1	NP_002709.2
NP_001001973.1	NP_005691.2
NP_001009944.1	NP_000288.1
NP_001014809.1	NP_056469.2
NP_001129.1	NP_063941.2
NP_001420.2	NP_996744.1
NP_003073.1	NP_003077.2
NP_115729.1	NP_057159.2
NP_000116.2	NP_000466.2
NP_005635.1	NP_037423.2
NP_005139.1	NP_036379.2
NP_055525.3	NP_964011.2
NP_859050.1	NP_002147.2
NP_003634.2	NP_003874.2
NP_005913.2	NP_003493.1
NP_005602.2	NP_002157.2
NP_001744.2	NP_000199.2
NP_005635.1	NP_003175.1
NP_006382.1	NP_000960.2
NP_057152.1	NP_036192.1
AAH07654.1	NP_076974.1
NP_056164.1	NP_065976.2
NP_849195.1	NP_055677.3
NP_055530.2	NP_001895.1
NP_060700.2	NP_057404.2
NP_001479.3	NP_009108.1
NP_000197.1	NP_002176.2
NP_000064.1	CAA45056.1
NP_037474.1	NP_006686.1
NP_076962.2	NP_078923.3
NP_277037.1	NP_001420.2
NP_006532.2	NP_075394.3
NP_003493.1	NP_000029.2
NP_004991.1	NP_004536.2
NP_005139.1	NP_005685.1
NP_663318.1	NP_000030.1
NP_006704.2	NP_002583.1
NP_001886.1	NP_003898.2
NP_149024.1	NP_071431.2
NP_001022.1	NP_114060.1
NP_001020128.1	NP_002884.1
NP_775106.2	NP_000312.2
NP_004556.1	NP_002848.1
NP_006339.2	NP_705831.1
NP_000323.2	NP_863654.1
NP_060879.2	NP_036377.1
NP_004230.1	NP_000312.2
NP_006830.1	NP_079218.1
NP_001001651.1	NP_004765.2
BAA20562.1	NP_001020272.1
NP_391987.1	NP_036410.1
NP_001886.1	NP_055022.1
NP_057404.2	NP_109598.2
NP_055895.1	NP_065147.1
NP_005751.2	NP_002277.3
NP_612639.2	NP_003175.1
NP_002816.1	NP_079104.2
NP_001069.1	NP_391987.1
NP_000841.1	NP_005139.1
NP_006100.2	NP_003160.2
NP_002516.1	NP_077722.1
NP_659457.2	NP_006839.2
NP_002543.2	NP_055136.1
NP_003494.1	NP_004517.2
NP_002937.1	NP_001014809.1
NP_872387.1	NP_006839.2
NP_057492.2	NP_003876.1
NP_055580.1	NP_078805.3
NP_004796.1	NP_002687.1
NP_000323.2	NP_061930.1
NP_689823.1	NP_006839.2
NP_149033.2	NP_002069.2
NP_006223.2	NP_066951.1
NP_659497.1	NP_872426.1
NP_004623.1	NP_001017963.1
NP_006752.1	NP_066547.1
NP_005094.1	NP_036546.2
NP_079481.2	NP_542382.1
NP_004345.1	NP_821068.1
NP_653302.2	NP_005526.1
NP_776170.2	NP_001478.1
NP_000312.2	NP_001247.2
NP_004765.2	NP_004220.2
NP_006532.2	NP_775891.1
NP_066996.2	NP_002583.1
NP_068595.3	AAH15202.2
NP_002523.2	NP_005076.3
NP_054796.1	NP_057227.2
NP_003241.2	NP_004765.2
NP_003480.2	NP_001612.1
NP_004636.1	NP_068834.2
AAC39542.1	NP_004713.2
NP_057022.2	NP_003391.1
NP_689729.1	NP_054785.2
NP_004890.2	NP_054892.2
NP_002799.3	NP_005038.1
NP_004943.1	NP_009104.1
NP_058633.2	NP_001609.1
NP_060037.2	NP_001036249.1
NP_055883.2	NP_001006611.1
NP_803187.1	NP_599150.1
NP_777623.1	NP_000362.1
NP_149032.1	NP_000726.1
NP_002519.1	NP_000114.2
NP_055586.1	NP_116070.1
NP_002027.2	NP_005614.2
NP_000021.1	NP_005451.2
NP_055610.1	NP_006824.2
NP_001012750.1	AAH07654.1
NP_852133.1	NP_005821.1
NP_056280.1	NP_003607.1
NP_000961.2	NP_059347.2
NP_057632.2	NP_078983.1
NP_065937.1	NP_055456.2
NP_001002021.1	NP_114060.1
NP_006752.1	NP_000323.2
NP_689729.1	NP_057178.2
NP_000323.2	NP_055542.1
NP_004347.1	NP_004738.3
NP_057253.2	NP_055113.2
NP_009107.1	NP_006457.2
NP_001886.1	NP_001521.1
NP_002125.3	NP_001078923.1
NP_064578.2	NP_000050.2
NP_006532.2	NP_064709.2
NP_004128.1	AAK17573.1
NP_057253.2	NP_060399.1
NP_612815.1	NP_277038.1
NP_114060.1	NP_787119.1
NP_001056.1	NP_001547.1
NP_004829.2	NP_000531.2
NP_006608.1	NP_003876.1
NP_056469.2	NP_065853.2
NP_006824.2	NP_003644.2
NP_060910.3	NP_005556.1
NP_003286.1	NP_878919.2
NP_000199.2	NP_004223.2
NP_055400.1	NP_057632.2
NP_002937.1	NP_006640.2
NP_001886.1	NP_004156.1
NP_054734.2	NP_057632.2
NP_001456.3	NP_005556.1
NP_060942.2	NP_689979.1
NP_000030.1	NP_005380.1
NP_056453.1	NP_001547.1
NP_734464.1	NP_742150.1
NP_000116.2	NP_000539.2
NP_004078.2	NP_004516.2
NP_001895.1	NP_001420.2
NP_079330.2	NP_003155.2
NP_689419.2	NP_000199.2
NP_003835.2	NP_004623.1
NP_003090.2	NP_002294.2
NP_114060.1	NP_001009997.1
NP_444277.2	NP_000619.3
NP_009107.1	NP_056469.2
NP_116010.1	NP_114060.1
NP_789839.1	NP_114091.2
NP_055103.3	NP_065147.1
NP_002936.1	NP_057542.2
NP_056976.2	NP_067067.1
NP_057694.2	NP_002459.1
NP_000197.1	NP_000869.1
NP_004228.1	NP_689883.1
NP_006205.1	NP_000279.1
NP_001003811.1	NP_742017.1
NP_006399.1	NP_742017.1
NP_057403.1	NP_004227.1
NP_077005.2	NP_115689.1
NP_001001998.1	NP_006351.2
NP_000029.2	NP_001895.1
NP_110383.1	NP_001895.1
NP_062565.2	NP_036586.2
NP_057144.1	NP_115580.2
NP_001002244.1	NP_037498.1
NP_599150.1	NP_036286.2
NP_001895.1	NP_003989.2
NP_068779.1	NP_115904.1
NP_003323.1	NP_037384.1
NP_000483.3	NP_001737.1
NP_002222.1	NP_000876.3
NP_002405.1	NP_004228.1
NP_055312.2	NP_006839.2
NP_001014809.1	NP_061960.1
NP_066998.1	NP_055400.1
NP_056201.2	NP_006339.2
NP_612639.2	NP_003178.1
NP_001020128.1	NP_003070.3
NP_054829.2	NP_115496.2
NP_008882.2	NP_003175.1
NP_004228.1	NP_060494.1
NP_000323.2	NP_945344.1
NP_055567.1	NP_078959.3
NP_055399.1	NP_055866.1
NP_038203.2	NP_004437.2
NP_001020128.1	NP_002260.2
NP_055525.3	NP_075568.1
NP_006375.1	NP_114064.1
NP_002383.2	NP_000116.2
NP_004238.2	NP_005710.1
NP_001025178.1	NP_003170.1
NP_115806.1	NP_068660.1
NP_689479.1	NP_065988.1
NP_954592.1	NP_006531.1
NP_005585.1	NP_060842.3
NP_036377.1	NP_000312.2
AAH07654.1	NP_064585.1
NP_002452.1	NP_057278.2
NP_002695.1	NP_057403.1
NP_001460.1	NP_005591.1
NP_005410.1	NP_004220.2
NP_006793.1	NP_006839.2
NP_057572.5	NP_002696.3
NP_071761.1	NP_005026.3
NP_004327.1	NP_001246.2
NP_149024.1	NP_002176.2
NP_054753.1	NP_003316.3
NP_055227.1	NP_001006611.1
NP_000925.2	NP_004075.1
NP_079051.9	NP_003085.1
NP_001002244.1	NP_055700.1
NP_003202.3	NP_004619.2
NP_066964.1	NP_002583.1
NP_003874.2	NP_003480.2
NP_001886.1	NP_002125.3
NP_002072.1	NP_000475.1
NP_945316.1	NP_000591.1
NP_066950.1	NP_068779.1
NP_060494.1	NP_036520.1
NP_000072.2	NP_005959.2
NP_000961.2	NP_003945.2
NP_859050.1	NP_009193.2
NP_061938.2	NP_077298.1
NP_005094.1	NP_079084.2
NP_068779.1	NP_001179.1
NP_932170.1	NP_055022.1
NP_061960.1	NP_064522.3
NP_001035930.1	NP_004720.1
NP_001001998.1	NP_006375.1
NP_006087.2	NP_001017963.1
NP_001886.1	NP_006704.2
NP_000312.2	NP_002383.2
NP_068575.1	NP_068570.1
NP_005364.1	NP_003740.2
NP_004636.1	NP_060494.1
NP_005473.1	NP_001623.3
NP_001895.1	NP_002959.2
NP_004699.1	NP_060842.3
NP_005288.3	NP_002665.2
NP_006640.2	NP_071447.1
NP_061730.1	NP_116269.2
NP_060445.3	NP_055523.1
NP_000062.1	NP_085133.1
NP_001013861.1	NP_060773.3
NP_004079.3	NP_002583.1
NP_057144.1	NP_001001651.1
NP_003802.1	NP_005649.1
NP_000966.2	NP_000377.1
NP_006340.1	NP_001311.3
NP_071375.1	NP_002583.1
NP_596869.3	NP_004534.2
NP_542970.1	NP_001768.1
NP_005685.1	NP_115496.2
NP_036365.1	NP_056100.2
NP_059345.1	NP_009107.1
NP_060663.2	NP_149075.2
NP_997001.1	NP_001506.1
NP_115496.2	NP_003178.1
NP_006707.1	NP_006181.1
NP_004478.3	NP_004532.1
NP_057250.1	NP_000116.2
NP_067067.1	NP_060418.4
NP_006223.2	NP_004796.1
NP_001886.1	NP_115568.2
NP_852133.1	NP_000961.2
NP_055259.2	NP_612441.1
NP_003128.3	NP_006749.1
NP_001506.1	NP_000391.1
NP_005624.2	NP_647593.1
NP_001816.1	NP_005139.1
NP_005013.1	NP_004738.3
NP_006532.2	NP_982264.2
NP_598395.1	NP_057632.2
NP_001547.1	NP_001895.1
NP_005248.2	NP_004765.2
NP_055986.1	NP_005013.1
NP_001012410.1	NP_066964.1
NP_000354.3	NP_003274.2
NP_005909.2	NP_000134.2
NP_005094.1	NP_061132.2
NP_886553.2	NP_002477.1
NP_004720.1	AAH07654.1
NP_001014809.1	NP_002524.2
NP_004037.1	NP_001031.2
NP_002477.1	NP_055586.1
NP_001864.1	NP_057144.1
NP_002966.1	NP_000890.1
NP_001203.1	NP_004636.1
NP_071375.1	NP_002907.1
NP_055277.1	NP_705582.1
NP_006092.1	NP_127490.1
NP_036224.1	AAF34739.1
NP_054888.2	NP_060191.3
NP_001420.2	NP_003913.3
NP_056202.2	NP_115662.2
NP_003274.2	NP_006839.2
NP_057327.2	NP_061820.1
NP_877428.1	NP_006839.2
NP_071935.1	NP_976035.1
NP_060898.2	NP_076974.1
NP_000277.1	NP_000310.2
NP_003325.2	NP_055673.2
NP_004143.1	NP_000323.2
NP_036427.1	NP_005911.1
NP_004438.3	NP_006294.2
NP_852133.1	NP_060463.1
NP_064633.1	NP_110383.1
NP_036219.1	NP_001510.2
NP_054753.1	NP_005432.1
NP_071324.1	NP_003325.2
NP_005525.2	NP_000407.1
NP_005220.1	NP_002157.2
NP_003043.2	NP_065203.1
NP_004347.1	NP_000876.3
NP_000441.1	NP_000601.3
NP_061874.3	NP_542199.1
NP_003692.1	NP_003174.3
NP_002037.2	NP_001006611.1
NP_002086.1	NP_000115.1
NP_001024.1	NP_001025.1
NP_005453.2	NP_006467.4
NP_055748.2	NP_109598.2
NP_004243.1	NP_000483.3
NP_004876.1	NP_001515.1
NP_057670.1	NP_150282.1
NP_005307.1	NP_061872.2
NP_002799.3	NP_001056.1
NP_891556.1	NP_115754.2
NP_001687.1	NP_004879.1
NP_001810.1	NP_000107.1
NP_003788.2	NP_000876.3
NP_009152.2	NP_057144.1
NP_003128.3	AAA93070.1
NP_001762.1	CAA34971.1
NP_005094.1	NP_006433.2
NP_996895.1	NP_001641.1
NP_000186.2	NP_071364.4
NP_002613.2	NP_057144.1
NP_002870.2	NP_002936.1
NP_004314.4	NP_612815.1
NP_003019.2	NP_000869.1
NP_076974.1	NP_001013861.1
NP_015566.1	NP_004850.1
NP_009204.1	NP_003874.2
NP_053582.1	NP_058626.1
NP_004623.1	NP_001612.1
NP_002816.1	NP_055668.2
NP_055317.1	NP_004079.3
NP_001014809.1	NP_006399.1
NP_036218.1	NP_579874.1
NP_036365.1	NP_036546.2
NP_001025178.1	NP_004850.1
NP_005139.1	NP_078942.2
NP_005940.1	NP_001031.2
AAQ86961.1	NP_000825.1
NP_710161.1	NP_002559.2
NP_001886.1	NP_653086.1
NP_113619.1	NP_031383.1
NP_444282.2	NP_114060.1
NP_001460.1	NP_000433.3
NP_002689.1	NP_001460.1
NP_689823.1	NP_076974.1
NP_689729.1	NP_060315.1
NP_002989.2	NP_997647.1
NP_055580.1	NP_065853.2
NP_078865.1	NP_065853.2
NP_055525.3	NP_057542.2
NP_006839.2	NP_055517.3
NP_000073.1	NP_001506.1
NP_003128.3	NP_001020272.1
NP_001505.1	NP_004517.2
NP_004636.1	NP_079107.5
NP_003705.1	NP_006457.2
BAB14224.1	NP_149033.2
NP_005710.1	NP_060741.2
NP_036520.1	NP_001013633.1
NP_071285.1	NP_005004.1
NP_000577.2	NP_000869.1
NP_036520.1	NP_776170.2
NP_203526.1	NP_009107.1
NP_065691.2	NP_006753.1
NP_060932.2	NP_995314.1
NP_054753.1	BAA20562.1
NP_064581.2	NP_000073.1
NP_060279.2	NP_542380.1
NP_059130.2	NP_000538.3
NP_055626.3	NP_055318.2
NP_004808.2	NP_001894.2
NP_002613.2	NP_055525.3
NP_055113.2	NP_114060.1
NP_001521.1	NP_004623.1
NP_066569.1	NP_001886.1
NP_620586.3	NP_002175.2
NP_002459.1	NP_112218.2
NP_005638.1	NP_001895.1
NP_002079.3	NP_003792.1
NP_005624.2	NP_071323.1
NP_003249.1	NP_006433.2
NP_060932.2	NP_055191.2
AAN62764.1	NP_478126.1
NP_054706.1	NP_000441.1
NP_001073594.1	NP_932070.1
NP_004441.1	NP_006824.2
NP_065391.1	NP_002301.1
NP_006568.2	NP_689905.1
NP_579917.1	NP_596868.1
NP_001035933.1	NP_361014.1
NP_001460.1	NP_060935.1
NP_997006.1	NP_006645.3
NP_113619.1	NP_061184.1
NP_001420.2	NP_002383.2
NP_002262.3	NP_005076.3
NP_077285.2	NP_000450.2
NP_003874.2	NP_444284.1
NP_036363.2	NP_000312.2
NP_006004.1	NP_004856.1
NP_005094.1	NP_060621.3
NP_002037.2	NP_061730.1
NP_057368.3	NP_004770.4
NP_006752.1	NP_000107.1
NP_066547.1	NP_003886.2
NP_054829.2	NP_003705.1
NP_001202.4	NP_005913.2
NP_000527.1	NP_002262.3
NP_683877.1	NP_004636.1
NP_036233.2	NP_115805.1
NP_006109.2	NP_000566.3
NP_003740.2	NP_612815.1
NP_003249.1	NP_001014809.1
NP_006105.1	NP_061932.1
NP_000539.2	NP_000910.2
NP_001609.1	NP_001460.1
NP_055570.1	NP_009042.1
NP_683877.1	NP_005878.1
NP_003480.2	NP_004950.2
NP_060962.2	NP_004078.2
NP_001741.4	NP_003616.2
NP_003178.1	NP_003325.2
NP_003318.1	NP_005649.1
NP_001012410.1	NP_009035.3
NP_036232.1	NP_000020.1
NP_003128.3	NP_002752.1
NP_053582.1	NP_612815.1
NP_000527.1	NP_000439.1
NP_000323.2	NP_004682.2
NP_057714.1	NP_060534.1
NP_004143.1	NP_002530.1
NP_110387.1	NP_031379.2
NP_057472.2	NP_932170.1
NP_997647.1	NP_060362.3
NP_001508.1	NP_000113.1
NP_005451.2	NP_733745.1
NP_004243.1	NP_000307.1
NP_002256.2	NP_001307.2
NP_005685.1	NP_060842.3
NP_542171.1	NP_004078.2
NP_000997.1	NP_000627.2
NP_008998.1	NP_078989.1
NP_003884.1	NP_055379.1
NP_361014.1	NP_940870.2
NP_006393.2	NP_065853.2
NP_976035.1	NP_000544.2
NP_001521.1	NP_001017963.1
NP_001078923.1	NP_054876.2
NP_001073594.1	NP_057250.1
NP_001609.1	NP_002511.1
NP_001460.1	NP_476516.1
NP_000475.1	NP_000012.1
NP_000963.1	NP_056347.1
NP_001003811.1	NP_057060.1
NP_892006.1	NP_061132.2
NP_000115.1	NP_001609.1
NP_002964.2	NP_002559.2
NP_689419.2	NP_003785.1
NP_060463.1	AAH07654.1
NP_055512.1	NP_004516.2
NP_659419.3	NP_006839.2
NP_006035.2	NP_001420.2
NP_057044.2	NP_115580.2
NP_060879.2	NP_001694.2
NP_002511.1	NP_001915.1
NP_000114.2	NP_000391.1
NP_004365.1	NP_002816.1
NP_062817.1	NP_001559.1
NP_006753.1	NP_006281.1
NP_478126.1	NP_055768.2
NP_002816.1	NP_001003690.1
NP_075556.1	P15941
NP_945316.1	NP_004032.2
NP_057212.1	NP_003181.3
NP_543157.1	NP_003160.2
NP_002718.2	NP_000468.1
NP_073593.2	NP_113676.2
NP_005670.2	NP_005672.1
NP_006345.1	NP_001420.2
NP_001668.1	NP_060842.3
NP_003600.2	NP_003316.3
NP_001420.2	NP_003713.3
NP_000126.2	NP_068741.1
NP_005629.1	NP_004595.2
NP_006070.2	NP_001420.2
NP_004246.1	NP_006824.2
NP_444284.1	NP_000116.2
NP_002816.1	NP_003705.1
NP_002105.2	NP_000323.2
NP_003494.1	NP_478102.1
NP_037498.1	NP_001247.2
NP_001245.1	NP_478102.1
NP_877428.1	NP_862820.1
NP_000385.1	NP_004068.2
NP_055512.1	NP_057168.1
NP_077271.1	NP_000483.3
NP_005262.1	NP_002071.2
NP_478126.1	CAD56889.1
NP_000062.1	NP_057569.2
NP_006651.2	NP_006003.1
NP_065394.1	NP_079157.2
Q14643	NP_055866.1
NP_054888.2	NP_078867.2
NP_055330.1	NP_004770.4
NP_852133.1	NP_542199.1
NP_115712.1	NP_057179.1
NP_003160.2	NP_003159.1
NP_002961.1	NP_057211.4
NP_004765.2	NP_005111.2
NP_002583.1	NP_001915.1
NP_001494.2	NP_001623.3
NP_006113.2	NP_003631.2
NP_005253.3	NP_115580.2
NP_000323.2	NP_055857.1
NP_055260.1	NP_006799.1
NP_036270.1	NP_000312.2
NP_997006.1	NP_071323.1
NP_690000.2	NP_006107.1
NP_057374.3	NP_112578.2
NP_002564.1	NP_065147.1
NP_000230.1	NP_002288.1
NP_006830.1	NP_076422.1
NP_006393.2	NP_006640.2
NP_005048.2	NP_000312.2
NP_057472.2	CAA45056.1
NP_003778.2	NP_006040.1
NP_001001973.1	NP_002207.2
NP_003234.2	AAA50404.1
NP_004322.1	NP_612815.1
NP_000974.1	NP_057227.2
NP_361014.1	NP_001036148.1
NP_056146.1	NP_000475.1
NP_004796.1	NP_005025.1
NP_071431.2	NP_002176.2
NP_006387.1	NP_076964.1
NP_001928.2	NP_004630.2
NP_001460.1	NP_000917.3
NP_068835.1	NP_061822.1
NP_008835.5	NP_002583.1
AAH32474.1	NP_932170.1
NP_002907.1	NP_579917.1
CAA58827.1	NP_037423.2
NP_778224.1	NP_005638.1
NP_057322.1	NP_037498.1
NP_006156.2	NP_003989.2
NP_006457.2	NP_060842.3
NP_003945.2	NP_071731.1
NP_002717.3	NP_003173.1
NP_113584.3	NP_478102.1
NP_036237.2	NP_000475.1
NP_060518.1	NP_057285.3
NP_000555.2	NP_000386.1
NP_064505.1	NP_004252.2
NP_004720.1	NP_002901.1
NP_071767.3	NP_065812.1
NP_009107.1	NP_005685.1
NP_006087.2	NP_001895.1
NP_005496.4	NP_000030.1
NP_001612.1	NP_000116.2
NP_003480.2	NP_000116.2
NP_065203.1	NP_110426.4
NP_055630.2	NP_000116.2
NP_009185.2	NP_114060.1
NP_003128.3	NP_009210.1
NP_006315.1	NP_001886.1
NP_009104.1	NP_115501.2
NP_006229.1	NP_003480.2
NP_056258.1	NP_006839.2
NP_060842.3	NP_006830.1
NP_002308.2	NP_001928.2
NP_054706.1	NP_001894.2
NP_068602.2	NP_071921.1
AAD39742.1	NP_005100.1
NP_003541.2	NP_057285.3
NP_006087.2	NP_036350.2
NP_003178.1	NP_005635.1
NP_065104.1	NP_612815.1
NP_002680.2	NP_671735.1
NP_006322.3	NP_060345.1
NP_001006668.1	NP_005094.1
NP_001550.1	NP_002178.2
NP_002125.3	NP_000475.1
NP_001019801.2	NP_055048.1
NP_006221.1	NP_002583.1
NP_115580.2	NP_057297.2
NP_057332.1	NP_002727.2
NP_002564.1	NP_055613.1
NP_001245.1	NP_004517.2
NP_000323.2	NP_689669.1
NP_892117.1	NP_005828.1
NP_009108.1	NP_114060.1
NP_000629.3	AAA50404.1
NP_057400.1	O60673
NP_001012300.1	NP_006839.2
NP_055048.1	NP_001803.2
NP_071935.1	NP_055048.1
NP_937795.1	NP_061822.1
NP_689508.3	NP_002100.2
NP_005526.1	NP_002178.2
NP_001636.1	NP_001634.1
NP_005568.2	NP_997647.1
NP_002559.2	NP_059347.2
NP_060102.1	NP_478102.1
NP_598193.2	NP_478123.1
NP_058633.2	NP_000312.2
NP_000032.1	NP_000468.1
NP_001886.1	NP_001641.1
NP_005711.1	NP_005709.1
NP_003325.2	NP_002403.1
NP_714941.1	NP_057404.2
NP_003318.1	NP_006418.2
NP_002961.1	NP_005139.1
NP_663729.1	NP_004037.1
AAQ89335.1	NP_060567.1
NP_003707.2	NP_003997.1
NP_003785.1	NP_002294.2
NP_079175.2	NP_056449.1
P20290	NP_001311.3
NP_006324.1	NP_008835.5
NP_004259.3	NP_542382.1
NP_057542.2	NP_061974.2
NP_054888.2	NP_060245.2
NP_057253.2	NP_067065.1
NP_002037.2	NP_006393.2
NP_001420.2	NP_002583.1
NP_057400.1	NP_057302.1
NP_001510.2	NP_001886.1
NP_001524.2	NP_002810.1
NP_001003677.1	NP_115496.2
NP_004078.2	NP_000825.1
NP_001420.2	NP_036377.1
NP_006830.1	NP_004996.1
NP_006752.1	NP_004055.1
NP_003870.3	NP_612815.1
NP_005755.1	NP_006640.2
NP_002798.2	NP_004314.4
NP_002937.1	NP_055500.1
NP_001550.1	NP_005526.1
NP_690869.1	NP_001420.2
NP_002813.2	NP_001195.2
NP_000362.1	NP_057033.2
NP_057698.2	NP_001234.2
NP_036367.2	NP_004590.2
NP_671700.1	NP_004231.1
NP_002936.1	NP_115580.2
NP_002383.2	NP_002511.1
NP_036276.1	NP_000421.1
NP_001460.1	NP_002564.1
NP_005251.1	NP_056202.2
NP_068779.1	NP_001188.1
NP_001420.2	NP_003144.3
NP_055103.3	NP_000116.2
NP_001001973.1	NP_060181.2
NP_079331.3	NP_076974.1
NP_057427.3	NP_001804.2
NP_036247.1	NP_001073594.1
NP_055940.3	NP_740753.1
NP_006640.2	NP_004699.1
NP_001020537.2	NP_003642.2
NP_065393.1	NP_057714.1
NP_000323.2	NP_742017.1
NP_055500.1	CAH18258.1
NP_001014809.1	NP_054829.2
NP_005725.3	NP_001006611.1
AAA50404.1	NP_000475.1
AAA35801.1	NP_060842.3
NP_056280.1	NP_009135.3
NP_001914.3	NP_079506.3
NP_004347.1	NP_112578.2
NP_005203.2	NP_001882.1
AAQ62859.1	NP_596868.1
NP_006174.1	NP_001864.1
NP_003744.1	NP_001960.2
NP_940974.1	NP_001246.2
NP_001687.1	NP_000025.1
NP_004130.2	NP_001015.1
NP_064527.1	NP_112201.1
NP_079481.2	NP_001001651.1
NP_036252.1	NP_005624.2
NP_005520.4	NP_060362.3
NP_005267.2	NP_002816.1
NP_006752.1	NP_006281.1
NP_653164.2	NP_060494.1
NP_057422.3	NP_000967.1
NP_116021.2	NP_006752.1
BAC04504.1	NP_660349.1
NP_005761.2	NP_789839.1
NP_001888.2	NP_001073892.1
NP_000199.2	NP_006550.1
NP_077285.2	NP_006281.1
NP_057040.2	NP_065147.1
NP_996994.1	NP_003256.1
NP_036219.1	NP_036218.1
NP_003444.1	NP_055048.1
NP_002544.1	NP_006181.1
NP_001008.1	NP_003945.2
NP_001521.1	NP_071356.1
NP_005911.1	NP_001420.2
NP_000323.2	NP_003194.3
NP_001019801.2	NP_005576.3
NP_996670.1	NP_000312.2
NP_056054.1	NP_056188.1
NP_001612.1	NP_000312.2
NP_006336.3	NP_006531.1
NP_055940.3	NP_598399.1
NP_201591.2	NP_057278.2
NP_002300.1	NP_002301.1
NP_004044.3	NP_004636.1
NP_002937.1	NP_005139.1
NP_004851.1	NP_006387.1
NP_000312.2	NP_001019801.2
NP_000310.2	NP_003640.2
NP_005307.1	NP_002086.1
NP_001009944.1	NP_001895.1
NP_006824.2	NP_997239.1
NP_001311.3	NP_001886.1
NP_055592.1	CAA27173.1
NP_060740.1	NP_004292.1
NP_006049.3	NP_006281.1
NP_149075.2	NP_000127.2
NP_003797.1	NP_004313.1
NP_653164.2	NP_003682.2
NP_055647.2	NP_060639.2
NP_057250.1	NP_004950.2
NP_689476.2	NP_076974.1
NP_002155.1	NP_065147.1
NP_055950.1	NP_055484.2
AAC39889.1	NP_003706.1
NP_057021.2	NP_003792.1
NP_001886.1	NP_110383.1
NP_001012410.1	NP_000963.1
NP_003173.1	NP_004630.2
NP_006214.2	NP_001427.2
NP_001412.1	NP_036311.3
NP_000312.2	NP_003073.1
NP_000468.1	NP_003923.2
NP_000336.1	NP_000475.1
NP_000323.2	NP_055850.1
NP_002543.2	NP_002544.1
NP_002884.1	NP_036228.1
NP_001235.1	NP_001234.2
NP_003241.2	NP_004674.1
NP_037473.3	NP_115580.2
NP_055277.1	NP_001017963.1
NP_071328.2	NP_002383.2
NP_000115.1	NP_000073.1
NP_002544.1	NP_001245.1
NP_002262.3	NP_057404.2
NP_115729.1	NP_057041.1
NP_001025226.1	NP_391987.1
NP_004556.1	NP_001001651.1
NP_001092744.1	NP_059523.1
AAH07932.2	NP_064633.1
NP_037446.1	NP_001773.1
NP_005908.1	NP_005267.2
NP_733786.2	NP_001050.1
NP_008877.1	NP_003117.2
NP_001002.1	NP_002261.3
NP_001073594.1	NP_003706.1
NP_573570.2	NP_005325.2
NP_003160.2	NP_037392.1
NP_004689.1	NP_598399.1
NP_000170.1	NP_002583.1
NP_036336.1	NP_001510.2
NP_004438.3	NP_006839.2
NP_005139.1	NP_008953.1
NP_065853.2	NP_008998.1
NP_003174.3	NP_004078.2
NP_006799.1	NP_000375.2
NP_057714.1	NP_057044.2
NP_004478.3	NP_001020128.1
NP_057213.2	NP_003644.2
NP_006087.2	NP_000231.1
NP_055717.2	NP_004078.2
NP_003788.2	NP_054829.2
NP_001970.2	NP_056284.1
NP_036439.2	NP_116269.2
NP_005251.1	NP_112574.3
NP_002680.2	NP_115580.2
NP_002961.1	NP_060935.1
NP_001245.1	NP_002709.2
NP_002524.2	NP_000960.2
NP_004837.1	NP_062817.1
NP_005094.1	NP_005436.1
NP_006256.1	NP_001036214.1
NP_115830.1	NP_004946.1
NP_006592.3	NP_003210.1
NP_001886.1	NP_003874.2
NP_003748.1	NP_000116.2
NP_001620.2	NP_000689.1
NP_060323.1	NP_036601.2
NP_006701.1	NP_057403.1
NP_003286.1	NP_068779.1
NP_001179.1	AAA60144.1
NP_066981.2	NP_006824.2
NP_002816.1	NP_004740.2
NP_004640.2	NP_982264.2
NP_003064.2	NP_000312.2
NP_006109.2	NP_003733.2
NP_478102.1	NP_001521.1
NP_000978.1	NP_005817.1
NP_000960.2	NP_002100.2
NP_002950.3	NP_002328.1
NP_003391.1	NP_001612.1
NP_938150.1	NP_000850.1
NP_055717.2	NP_015566.1
NP_000197.1	NP_000580.1
NP_055150.1	NP_000312.2
NP_001886.1	NP_005522.2
NP_061938.2	NP_150282.1
NP_004306.2	NP_904358.1
NP_006223.2	NP_002687.1
NP_060252.3	NP_006839.2
NP_055259.2	NP_001061.2
NP_001921.1	NP_000652.2
NP_004517.2	NP_000998.1
NP_061155.2	NP_001779.3
NP_002564.1	NP_060842.3
NP_004992.2	CAH18258.1
NP_001073594.1	NP_000475.1
NP_002936.1	NP_002583.1
NP_115998.2	NP_061820.1
NP_006181.1	NP_002936.1
CAC41349.1	NP_758872.1
NP_001744.2	NP_002653.1
NP_055136.1	NP_862820.1
NP_612410.1	NP_036252.1
NP_055277.1	NP_004530.1
NP_057250.1	NP_055696.2
AAH71758.1	NP_932170.1
NP_036429.2	NP_003989.2
NP_003748.1	NP_886553.2
NP_036520.1	NP_001478.1
NP_001017963.1	NP_037386.1
NP_055586.1	NP_001026794.1
NP_612193.1	NP_002007.1
NP_000960.2	NP_001311.3
NP_877421.2	NP_004630.2
NP_004630.2	NP_001420.2
NP_004720.1	NP_004620.1
NP_066970.2	NP_002937.1
NP_001460.1	AAA35801.1
NP_000997.1	NP_848018.1
NP_579874.1	NP_001073594.1
NP_005808.2	NP_000867.2
NP_060145.2	NP_055927.2
NP_055884.2	NP_001609.1
NP_001006.1	NP_003945.2
CAA45056.1	NP_932170.1
NP_060496.2	NP_619525.1
NP_588612.1	NP_003664.1
NP_000480.2	NP_061872.2
NP_001027024.3	NP_037428.2
NP_060597.4	NP_115580.2
NP_003075.1	NP_000312.2
NP_000116.2	NP_006163.1
NP_000032.1	NP_000475.1
NP_001602.1	NP_004699.1
NP_001247.2	NP_055700.1
NP_859050.1	NP_001077362.1
NP_006100.2	NP_001020272.1
NP_004520.1	NP_060842.3
NP_060501.2	NP_060239.2
NP_005671.1	NP_005672.1
NP_004938.1	NP_000012.1
NP_005255.1	NP_000505.1
NP_003929.4	NP_005629.1
NP_005139.1	AAQ89335.1
NP_001886.1	NP_006635.2
NP_036541.2	NP_002286.2
NP_002816.1	NP_068594.1
NP_001002021.1	NP_060362.3
NP_060279.2	NP_002364.5
NP_000544.2	NP_001460.1
NP_942600.1	NP_001311.3
NP_005569.1	NP_004880.1
NP_004851.1	NP_057670.1
NP_001420.2	NP_002403.1
NP_001505.1	NP_005428.1
NP_055525.3	NP_060962.2
NP_079100.2	NP_001013861.1
NP_005473.1	NP_003792.1
NP_065723.1	NP_525127.1
NP_003261.1	NP_060842.3
NP_060921.3	NP_001061.2
NP_001243.1	NP_001233.1
NP_006701.1	NP_001559.1
NP_001420.2	NP_005648.1
NP_008860.4	NP_061874.3
NP_003210.1	NP_001017963.1
NP_000437.3	NP_000030.1
NP_001009944.1	NP_997647.1
NP_110383.1	NP_001420.2
NP_036333.2	NP_000441.1
NP_203526.1	NP_060842.3
NP_001886.1	NP_000336.1
NP_004498.1	NP_596868.1
NP_003945.2	NP_003631.2
NP_001003690.1	NP_116269.2
NP_065393.1	NP_003357.2
NP_071921.1	NP_065853.2
NP_057723.1	NP_005649.1
NP_057137.1	NP_036520.1
NP_065853.2	NP_005094.1
NP_003935.2	NP_060842.3
NP_001420.2	NP_004590.2
NP_000574.2	NP_060842.3
NP_579917.1	NP_004498.1
NP_001245.1	NP_006181.1
NP_002961.1	NP_057444.2
NP_006585.1	NP_001202.4
NP_003256.1	NP_002459.1
NP_001230.1	NP_000113.1
NP_067068.1	NP_003664.1
NP_001311.3	NP_061825.2
NP_064527.1	NP_112486.1
NP_005453.2	AAH30144.2
NP_000772.1	NP_004100.1
AAG30114.1	NP_000421.1
NP_055202.1	NP_067674.2
NP_000964.1	NP_001003677.1
NP_597714.2	NP_001226.2
NP_001420.2	NP_542380.1
NP_000323.2	NP_055662.2
NP_002261.3	NP_057404.2
NP_996919.1	NP_002157.2
NP_006229.1	NP_004896.1
NP_006404.1	NP_055844.1
NP_061825.2	NP_002961.1
NP_003676.1	NP_002573.1
NP_003876.1	NP_003156.1
NP_001420.2	NP_057404.2
NP_001006668.1	NP_003631.2
NP_862820.1	NP_477097.1
NP_009107.1	NP_037433.2
NP_006824.2	NP_002406.1
NP_005635.1	NP_008882.2
NP_003792.1	NP_536724.1
NP_004119.1	NP_002086.1
NP_000868.1	NP_000567.1
NP_009194.2	NP_057535.1
NP_000377.1	NP_000983.1
NP_000323.2	NP_078858.3
NP_689825.2	NP_114060.1
NP_000576.1	NP_000869.1
NP_000012.1	NP_001484.1
AAB48030.1	NP_057404.2
NP_002808.2	NP_002807.1
NP_006773.2	NP_004880.1
NP_006087.2	NP_002942.2
NP_077021.1	NP_002681.1
NP_037446.1	NP_733762.2
NP_003043.2	NP_002848.1
NP_036286.2	NP_009135.3
NP_004633.1	NP_058633.2
NP_002816.1	NP_002961.1
NP_003495.1	NP_862820.1
NP_003874.2	NP_003380.2
NP_000960.2	NP_002383.2
NP_000989.1	NP_060842.3
NP_060197.4	NP_055277.1
NP_003644.2	NP_004227.1
NP_006383.2	NP_001195.2
NP_004851.1	NP_057285.3
NP_066566.3	NP_000421.1
NP_000705.2	NP_065438.1
NP_056201.2	NP_705831.1
NP_002941.1	NP_061109.1
NP_079520.1	NP_036233.2
NP_006418.2	NP_001233.1
NP_361014.1	NP_733779.1
NP_009027.1	NP_004850.1
NP_006511.1	NP_006496.2
NP_000354.3	NP_000288.1
NP_006444.2	NP_112176.1
NP_065726.1	NP_006092.1
NP_060108.1	NP_057144.1
NP_001420.2	NP_006531.1
NP_002719.3	NP_115496.2
NP_066972.1	NP_000689.1
NP_057159.2	NP_078867.2
NP_060962.2	NP_065853.2
NP_113607.1	NP_003989.2
NP_057513.1	NP_001646.2
NP_060494.1	NP_077001.1
NP_002079.3	NP_071888.1
NP_006531.1	NP_000116.2
NP_659502.2	NP_003945.2
NP_002961.1	NP_055787.1
NP_000174.1	NP_000475.1
NP_001420.2	NP_444284.1
NP_004314.4	NP_000312.2
NP_006404.1	NP_006618.1
NP_002018.1	NP_057427.3
NP_009135.3	NP_003607.1
NP_006830.1	NP_008964.3
NP_055620.1	NP_005661.1
NP_004902.1	NP_000375.2
NP_942600.1	NP_001886.1
NP_003646.2	NP_000312.2
NP_037501.2	NP_054891.2
NP_733779.1	NP_001804.2
NP_003894.3	NP_001202.4
NP_004587.1	NP_002810.1
NP_002989.2	NP_000749.2
NP_000072.2	NP_005111.2
NP_055580.1	NP_000782.1
NP_002222.1	NP_006111.2
NP_055202.1	NP_003019.2
NP_036379.2	NP_009107.1
NP_004478.3	NP_006361.1
NP_015566.1	NP_114034.1
NP_006640.2	NP_006839.2
NP_002294.2	NP_000221.1
NP_000386.1	NP_000749.2
NP_036354.1	NP_002936.1
NP_055717.2	NP_066547.1
NP_000308.1	AAP34197.1
NP_006707.1	NP_862820.1
NP_002961.1	NP_001014809.1
NP_001424.2	NP_001056.1
NP_002544.1	NP_862820.1
NP_008998.1	NP_077817.2
NP_821068.1	NP_001886.1
NP_078867.2	NP_115753.1
NP_068598.1	NP_006839.2
NP_057130.1	NP_056046.1
NP_003816.2	NP_004595.2
NP_003494.1	NP_002544.1
NP_003482.1	NP_001521.1
NP_001012410.1	NP_000982.2
NP_391987.1	NP_005520.4
NP_001894.2	NP_004078.2
AAA60144.1	NP_000997.1
NP_653164.2	NP_057569.2
NP_079483.3	NP_064585.1
NP_116120.1	NP_001087240.1
NP_443103.1	NP_002884.1
AAH07654.1	NP_057044.2
NP_002870.2	NP_002937.1
NP_550433.1	NP_002937.1
NP_000170.1	NP_036354.1
NP_000323.2	NP_009210.1
NP_079430.3	NP_005990.1
NP_056468.1	NP_057211.4
NP_006399.1	NP_057144.1
NP_057253.2	NP_068805.1
NP_001460.1	NP_001019801.2
NP_660154.2	NP_570125.1
NP_009038.1	NP_006271.1
NP_002222.1	NP_065173.2
NP_000585.2	NP_001056.1
NP_002003.1	NP_004101.2
NP_001420.2	NP_001035948.1
NP_003494.1	NP_005210.3
NP_001003811.1	NP_055517.3
NP_057253.2	NP_005861.1
NP_065147.1	NP_002680.2
AAA60144.1	NP_061820.1
NP_009109.3	NP_078983.1
NP_004636.1	NP_003541.2
NP_000812.2	NP_954642.1
NP_689837.2	NP_060037.2
NP_001013861.1	NP_068579.3
NP_775098.2	NP_000475.1
NP_003144.3	NP_003989.2
NP_001014809.1	NP_009152.2
NP_003747.1	NP_006839.2
NP_057144.1	NP_071447.1
NP_004773.1	NP_005629.1
NP_006345.1	NP_612423.1
NP_006087.2	NP_004930.1
NP_055731.2	NP_003876.1
NP_002719.3	NP_000749.2
NP_003816.2	NP_005629.1
NP_004851.1	NP_079331.3
NP_004246.1	AAK17573.1
NP_001494.2	NP_000396.2
NP_001311.3	NP_932070.1
NP_006087.2	NP_000405.1
NP_001014809.1	NP_002564.1
NP_036309.1	NP_005656.4
NP_060898.2	NP_006839.2
NP_003479.1	NP_002727.2
NP_596869.3	NP_003664.1
NP_002182.1	NP_002183.1
NP_000072.2	NP_073210.1
NP_000323.2	NP_055530.2
NP_005692.1	NP_002256.2
NP_006087.2	NP_001001.2
NP_714941.1	NP_002256.2
NP_001017963.1	NP_004437.2
NP_000960.2	NP_001886.1
NP_000876.3	NP_391987.1
NP_863651.1	NP_001073594.1
NP_954592.1	NP_002559.2
NP_787058.3	NP_005205.2
NP_006087.2	NP_001737.1
NP_057446.1	NP_000896.1
NP_003600.2	NP_778224.1
NP_036242.1	NP_114060.1
NP_076944.1	NP_056286.3
NP_064528.1	NP_055668.2
NP_006822.1	NP_057291.1
NP_001012410.1	NP_000962.2
NP_004227.1	NP_005253.3
NP_001013861.1	NP_071921.1
NP_005248.2	NP_001420.2
NP_004699.1	NP_065853.2
NP_056318.1	NP_000199.2
NP_002964.2	NP_056449.1
NP_001092093.1	NP_596869.3
NP_076944.1	NP_009152.2
NP_006776.1	NP_003912.1
NP_000724.1	CAA45056.1
NP_005998.1	NP_055629.1
NP_055971.1	NP_003070.3
NP_596869.3	NP_114064.1
NP_055615.8	NP_004454.2
NP_002261.3	NP_006258.2
NP_057403.1	NP_009152.2
NP_057400.1	NP_006332.2
NP_002583.1	NP_001609.1
NP_004516.2	NP_001822.2
NP_004477.2	NP_036233.2
NP_001035147.1	NP_110517.2
NP_003601.1	NP_057404.2
NP_066964.1	NP_061848.2
NP_660333.2	NP_004078.2
NP_997001.1	NP_000113.1
NP_002157.2	NP_005139.1
NP_006753.1	NP_001076437.1
NP_004130.2	NP_000582.1
NP_053582.1	NP_002477.1
NP_003705.1	NP_060541.3
NP_001091868.1	NP_001646.2
NP_003579.3	NP_000116.2
NP_001078923.1	NP_066981.2
NP_055525.3	BAA05892.1
NP_006830.1	NP_060311.1
NP_002613.2	NP_001078923.1
NP_114034.1	NP_000032.1
NP_006585.1	NP_004327.1
NP_005783.2	NP_036270.1
NP_066940.1	NP_002607.1
NP_001005743.1	NP_001006611.1
NP_006087.2	NP_001559.1
NP_443183.1	NP_004079.3
NP_009191.1	NP_057144.1
NP_006701.1	NP_055031.2
NP_003855.1	NP_002884.1
NP_002718.2	NP_000601.3
NP_006131.2	NP_000386.1
NP_002785.1	NP_002786.2
NP_004260.2	NP_598395.1
NP_004630.2	NP_055580.1
NP_061874.3	NP_057049.3
NP_055966.2	NP_001334.2
NP_000323.2	NP_055816.2
NP_787058.3	NP_005182.1
NP_004305.1	NP_002599.1
NP_057044.2	NP_060631.2
NP_001321.1	NP_002301.1
NP_000890.1	NP_000749.2
NP_510965.1	NP_004759.1
NP_003159.1	NP_066964.1
NP_006169.1	NP_076423.2
NP_001822.2	NP_002294.2
NP_863651.1	NP_061820.1
NP_005139.1	NP_005434.4
NP_066933.1	NP_000601.3
NP_003079.1	NP_001895.1
NP_005094.1	AAR05948.1
NP_079410.4	NP_000116.2
NP_001019801.2	NP_003493.1
NP_057564.3	NP_002559.2
NP_683877.1	NP_002785.1
NP_002256.2	NP_004590.2
NP_620586.3	NP_002301.1
NP_006645.3	NP_005624.2
NP_036337.1	NP_000808.2
NP_001694.2	NP_115500.1
NP_060494.1	NP_061938.2
NP_001014797.1	NP_002364.5
NP_001195.2	NP_002330.1
NP_005251.1	NP_003249.1
NP_004856.1	NP_001505.1
NP_056207.2	NP_114060.1
NP_061874.3	NP_000025.1
NP_000964.1	NP_777623.1
NP_036616.1	NP_036244.2
NP_004530.1	NP_000323.2
NP_003249.1	NP_006824.2
NP_057535.1	NP_001646.2
NP_001017963.1	NP_001560.2
NP_079355.1	NP_057717.1
NP_001323.1	NP_001895.1
NP_006753.1	NP_113584.3
NP_015566.1	NP_671700.1
NP_006205.1	NP_000123.1
NP_001012410.1	NP_008835.5
NP_006490.3	NP_000876.3
NP_036556.2	NP_892010.1
NP_149017.2	AAA60120.1
NP_065797.2	NP_055129.2
NP_057403.1	NP_057213.2
NP_000555.2	NP_000870.1
NP_057056.1	NP_976035.1
NP_003210.1	NP_001460.1
NP_001546.2	AAA52539.1
NP_009135.3	NP_003085.1
NP_076974.1	NP_116287.1
NP_001005388.1	NP_950238.1
NP_005451.2	NP_057033.2
NP_476528.1	NP_060676.2
NP_003160.2	NP_060931.2
NP_002459.1	NP_001560.2
NP_002695.1	NP_057190.2
NP_055489.1	NP_001737.1
NP_002303.2	NP_006435.2
NP_000961.2	NP_000983.1
NP_006839.2	NP_077817.2
NP_002912.2	NP_056449.1
NP_000323.2	NP_060103.2
NP_002687.1	NP_115830.1
NP_056250.3	NP_001061.2
NP_002816.1	NP_078886.2
NP_006214.2	NP_115580.2
NP_787119.1	NP_006839.2
NP_001915.1	NP_005913.2
NP_057572.5	NP_004338.1
NP_003706.1	NP_004478.3
NP_003874.2	NP_001019801.2
NP_004249.1	NP_510965.1
NP_919227.2	NP_057057.2
NP_036584.1	NP_001736.1
NP_000627.2	NP_057033.2
NP_478102.1	NP_001034463.3
NP_004516.2	NP_000362.1
NP_036526.2	NP_002613.2
NP_001450.2	NP_004110.2
NP_001078923.1	NP_060621.3
NP_001073986.1	NP_006839.2
NP_002816.1	NP_055675.1
NP_002870.2	NP_004517.2
NP_002938.1	NP_004517.2
NP_114416.1	NP_000475.1
NP_065853.2	NP_115865.1
NP_061195.2	NP_055258.1
NP_060231.1	NP_004950.2
NP_009166.2	NP_006258.2
NP_077285.2	NP_003989.2
AAH28049.1	NP_066920.1
NP_859050.1	NP_001719.2
NP_061933.1	NP_065853.2
NP_892117.1	NP_006404.1
NP_001609.1	NP_001800.1
NP_006645.3	NP_000199.2
NP_115754.2	NP_982264.2
NP_003788.2	NP_003874.2
NP_543157.1	NP_005013.1
NP_001005743.1	NP_000475.1
NP_005624.2	NP_001687.1
NP_000841.1	NP_116269.2
NP_056188.1	NP_001895.1
NP_001348.2	NP_003137.1
NP_001864.1	NP_060842.3
NP_150593.1	NP_997647.1
NP_001069.1	NP_002179.2
NP_001348.2	NP_003607.1
NP_004851.1	NP_079487.2
NP_000261.1	NP_060842.3
NP_109598.2	NP_149118.2
NP_061132.2	NP_003747.1
NP_004394.1	NP_002816.1
NP_001307.2	NP_001524.2
NP_005810.1	NP_001001433.1
NP_002543.2	NP_862820.1
NP_003965.2	NP_000450.2
NP_002079.3	NP_057632.2
NP_055700.1	NP_004652.2
NP_003706.1	NP_003156.1
NP_002262.3	NP_150254.1
Q02509	NP_001195.2
NP_060842.3	NP_065955.1
NP_542416.1	NP_067635.2
NP_631946.1	NP_001420.2
NP_000148.2	NP_001035930.1
NP_001230.1	NP_002086.1
NP_002848.1	NP_000024.2
NP_004438.3	NP_391987.1
NP_001002021.1	NP_006824.2
NP_005614.2	NP_004376.2
NP_003923.2	NP_001017963.1
NP_001311.3	NP_001895.1
NP_060062.1	NP_060414.3
NP_000310.2	NP_005496.4
NP_478102.1	NP_004517.2
NP_004453.3	NP_001036148.1
NP_005695.3	NP_001895.1
NP_863651.1	NP_127497.1
NP_057104.1	NP_005026.3
NP_612815.1	NP_000336.1
NP_008973.1	NP_006618.1
NP_036218.1	NP_001510.2
NP_478102.1	NP_000544.2
NP_004950.2	NP_001895.1
NP_004636.1	NP_689419.2
NP_036350.2	NP_001348.2
NP_006824.2	NP_115525.1
NP_060103.2	NP_004630.2
NP_002870.2	NP_000391.1
NP_008835.5	NP_001017963.1
NP_000116.2	NP_068660.1
NP_004055.1	NP_002260.2
NP_056258.1	NP_077817.2
NP_002564.1	NP_057144.1
NP_002816.1	NP_061960.1
NP_003884.1	NP_036578.2
NP_277037.1	NP_004950.2
NP_001810.1	NP_058214.1
NP_004516.2	NP_005555.2
NP_000116.2	NP_733930.1
NP_005032.2	NP_065147.1
AAQ89335.1	NP_068597.2
NP_004516.2	NP_002328.1
NP_001886.1	NP_006232.1
NP_001921.1	AAH07654.1
NP_004516.2	NP_055525.3
NP_733796.2	NP_057144.1
NP_003019.2	NP_000197.1
NP_060583.2	NP_002288.1
NP_004689.1	NP_115963.1
NP_001017963.1	NP_000611.1
NP_001006611.1	NP_004314.4
NP_114060.1	NP_005180.1
NP_006113.2	NP_001078923.1
NP_000937.1	NP_115867.1
NP_000610.2	NP_000407.1
NP_036363.2	NP_000116.2
NP_003835.2	NP_003912.1
NP_001559.1	NP_006169.1
NP_076945.2	NP_000116.2
CAD56889.1	NP_055100.2
NP_001420.2	NP_005220.1
NP_001019801.2	NP_005913.2
NP_001886.1	NP_060496.2
NP_150284.1	NP_055530.2
AAH07654.1	NP_055083.1
NP_542416.1	NP_000029.2
NP_000310.2	NP_005692.1
NP_005139.1	NP_932170.1
NP_057632.2	NP_689557.1
AAH07654.1	NP_009172.2
NP_060239.2	NP_009092.2
NP_004101.2	NP_004100.1
NP_002816.1	NP_006708.2
NP_055530.2	NP_997006.1
NP_476515.1	NP_002848.1
NP_001014809.1	NP_203526.1
NP_001008405.1	NP_055842.1
NP_006752.1	NP_000336.1
NP_004754.1	NP_391987.1
NP_004438.3	NP_060441.2
NP_004072.2	NP_945319.1
NP_005845.2	NP_000406.1
NP_001478.1	NP_002816.1
AAA59925.1	NP_002989.2
NP_006313.1	NP_671700.1
NP_775323.1	NP_001762.1
NP_068741.1	NP_000127.2
NP_005251.1	NP_005783.2
NP_004689.1	NP_006839.2
NP_005249.1	NP_000152.1
NP_055668.2	NP_064596.1
NP_877428.1	NP_077817.2
NP_067681.1	NP_001560.2
NP_004773.1	NP_001013633.1
NP_001024.1	NP_060842.3
NP_001179.1	NP_002147.2
NP_006313.1	NP_001061.2
NP_002665.2	NP_001864.1
NP_115754.2	NP_775891.1
NP_001886.1	NP_006863.2
NP_060836.1	NP_958437.1
NP_066952.1	NP_005139.1
NP_149075.2	NP_003359.3
NP_733762.2	NP_001456.3
NP_004322.1	NP_068749.3
NP_002938.1	NP_002937.1
NP_001001973.1	NP_004037.1
NP_005501.2	NP_004466.2
NP_002937.1	NP_060842.3
NP_001768.1	NP_000315.1
NP_683877.1	NP_006839.2
NP_003989.2	NP_055791.1
NP_001549.1	NP_000619.3
NP_055252.2	NP_751892.1
NP_079061.2	NP_006839.2
NP_060879.2	NP_004516.2
NP_003178.1	NP_004636.1
NP_000050.2	NP_002936.1
NP_002564.1	NP_116269.2
NP_003160.2	NP_057604.1
NP_004121.2	NP_742017.1
NP_835260.2	NP_001323.1
NP_001505.1	NP_005504.2
NP_006131.2	NP_002286.2
NP_060372.2	NP_001521.1
NP_006824.2	NP_037433.2
NP_055580.1	NP_005094.1
NP_000064.1	CAA29800.1
NP_006295.1	NP_060856.1
NP_001073594.1	NP_612815.1
NP_000116.2	P33316
NP_004248.2	NP_000689.1
NP_005307.1	NP_000391.1
NP_002640.2	NP_997006.1
AAF12793.3	NP_000012.1
NP_060405.3	Q14643
NP_000323.2	NP_689799.3
NP_005013.1	NP_001014809.1
AAA60120.1	NP_001073867.1
NP_490595.1	NP_000312.2
NP_001894.2	NP_000012.1
NP_004636.1	NP_065833.1
NP_065853.2	NP_056347.1
NP_001003811.1	NP_659457.2
NP_079058.1	NP_002303.2
NP_006463.2	NP_001087240.1
NP_002961.1	NP_036232.1
NP_006839.2	NP_001007091.1
NP_006410.1	AAP55851.1
NP_006281.1	NP_005998.1
NP_008982.1	NP_001073594.1
NP_002105.2	NP_006322.3
NP_060733.3	NP_060362.3
NP_115920.1	NP_055440.1
NP_689738.3	NP_006839.2
NP_958437.1	NP_115498.2
NP_079020.13	NP_478102.1
NP_060355.1	NP_005325.2
NP_115910.1	NP_071919.2
NP_001612.1	NP_003579.3
NP_001001973.1	NP_002482.1
NP_000116.2	NP_001505.1
P20290	NP_000929.1
NP_009210.1	NP_001013633.1
NP_006830.1	NP_057665.2
NP_002477.1	NP_059347.2
NP_003134.1	NP_003884.1
NP_062817.1	NP_006452.3
NP_057322.1	NP_001246.2
NP_115927.1	NP_001881.1
NP_001420.2	NP_006704.2
NP_036350.2	NP_065801.1
NP_001020128.1	BAA14006.1
NP_689823.1	NP_114060.1
NP_005723.2	NP_005582.1
NP_758869.1	NP_001002029.1
NP_001521.1	NP_002607.1
NP_002564.1	NP_000421.1
NP_004636.1	NP_055521.1
NP_000929.1	NP_004796.1
NP_002045.1	NP_001864.1
NP_008998.1	NP_079104.2
NP_057723.1	NP_003800.1
NP_006157.1	NP_001203.1
NP_061113.1	NP_003323.1
NP_003391.1	NP_004055.1
NP_003134.1	NP_002684.1
NP_005670.2	NP_005671.1
NP_005725.3	NP_055055.1
NP_683515.3	NP_005436.1
NP_002938.1	NP_002936.1
NP_005522.2	NP_002157.2
NP_653164.2	NP_004851.1
NP_005859.1	NP_003155.2
NP_065937.1	NP_071394.2
NP_001510.2	NP_005602.2
NP_877428.1	NP_003495.1
NP_006332.2	O60673
NP_951032.1	NP_055277.1
NP_001003690.1	NP_004228.1
NP_006729.4	NP_031379.2
NP_001886.1	NP_002094.2
NP_001886.1	NP_003045.2
NP_005013.1	NP_009107.1
NP_001940.1	NP_006512.2
NP_003135.1	NP_006640.2
NP_061933.1	NP_116269.2
NP_877428.1	NP_444284.1
NP_004438.3	AAA60120.1
NP_000997.1	NP_001003677.1
NP_001246.2	NP_001247.2
NP_127490.1	NP_076944.1
NP_892120.2	NP_005159.1
NP_000221.1	NP_002106.1
NP_689837.2	NP_002680.2
NP_031379.2	BAA11621.1
NP_057250.1	NP_060362.3
NP_002543.2	NP_444284.1
NP_004861.2	NP_001031.2
NP_066964.1	NP_476516.1
NP_055312.2	NP_056449.1
NP_008973.1	NP_057002.2
NP_542416.1	NP_004420.1
NP_982261.2	NP_619525.1
NP_000312.2	CAA27173.1
NP_001609.1	NP_003989.2
NP_003644.2	NP_071888.1
NP_004327.1	NP_000029.2
NP_006585.1	NP_031373.2
NP_001886.1	NP_542380.1
NP_003391.1	NP_003064.2
NP_078983.1	NP_003085.1
NP_079458.2	NP_006839.2
NP_002964.2	NP_647593.1
NP_444504.1	NP_057227.2
NP_057297.2	NP_003989.2
NP_689419.2	NP_002294.2
NP_076946.1	NP_006839.2
NP_000197.1	NP_000577.2
NP_071761.1	NP_000261.1
NP_004284.1	NP_004078.2
NP_115754.2	NP_115580.2
NP_671700.1	NP_005990.1
NP_065117.1	NP_114060.1
NP_066964.1	NP_006222.2
NP_115754.2	AAG30114.1
NP_003936.1	NP_001687.1
NP_001003789.1	NP_116287.1
NP_002653.1	NP_003156.1
NP_002961.1	NP_001092287.1
NP_001547.1	NP_006281.1
NP_000126.2	NP_004620.1
NP_477517.1	NP_510965.1
NP_478126.1	NP_065730.2
NP_005520.4	NP_000475.1
NP_001195.2	NP_001709.1
NP_995580.1	NP_000382.3
NP_004078.2	NP_002364.5
NP_003348.1	NP_997647.1
NP_002961.1	NP_076423.2
NP_003541.2	NP_055048.1
NP_000825.1	NP_004713.2
NP_000323.2	NP_038471.2
NP_932070.1	NP_001179.1
NP_733779.1	NP_036309.1
NP_056250.3	NP_005451.2
NP_002790.1	NP_057016.1
NP_037386.1	NP_071906.1
NP_003989.2	NP_000408.1
NP_000917.3	NP_036377.1
NP_001995.1	NP_000323.2
NP_003602.1	NP_055525.3
NP_006222.2	NP_002383.2
NP_001886.1	NP_001744.2
NP_066964.1	NP_001019801.2
NP_443177.1	NP_006564.1
NP_036292.2	NP_733779.1
NP_004991.1	NP_006839.2
NP_055440.1	NP_004637.1
NP_001019801.2	NP_006035.2
NP_005436.1	NP_055785.2
NP_001420.2	NP_036214.1
NP_037475.1	NP_000116.2
NP_005251.1	NP_004996.1
NP_001311.3	NP_001960.2
NP_060826.1	NP_115753.1
NP_001559.1	NP_067652.1
NP_001001998.1	NP_005783.2
NP_852133.1	NP_060337.1
NP_055804.2	NP_829884.1
NP_064628.1	NP_055580.1
NP_002262.3	NP_006258.2
NP_714941.1	NP_057137.1
NP_009169.3	NP_002848.1
NP_001073594.1	NP_000012.1
NP_005690.1	NP_001553.1
NP_006223.2	NP_006224.1
NP_004613.1	NP_005990.1
NP_036411.1	NP_065801.1
NP_612815.1	NP_000012.1
NP_057250.1	NP_002383.2
NP_000116.2	NP_006336.3
NP_005711.1	NP_690601.1
NP_004516.2	NP_000375.2
NP_002516.1	NP_000930.1
NP_004403.1	NP_006640.2
NP_001091868.1	NP_003553.2
NP_877428.1	NP_478102.1
NP_001001651.1	NP_004260.2
NP_000123.1	NP_001737.1
NP_055613.1	NP_056202.2
NP_002961.1	NP_009107.1
NP_116010.1	NP_006180.1
NP_006387.1	NP_057569.2
NP_001521.1	NP_002383.2
NP_112190.1	NP_002583.1
NP_057175.1	NP_037366.1
AAH71758.1	NP_001737.1
NP_006531.1	NP_001895.1
NP_003249.1	NP_068597.2
NP_000960.2	NP_002261.3
NP_005959.2	NP_004354.2
NP_060045.4	NP_003210.1
NP_116023.2	NP_002634.1
NP_004630.2	NP_115639.1
NP_037536.2	NP_078966.2
NP_003128.3	NP_002287.2
NP_004883.2	NP_003155.2
NP_001020.2	NP_477511.1
NP_000116.2	NP_003473.3
NP_391987.1	NP_004376.2
NP_065853.2	NP_060621.3
NP_476528.1	NP_982264.2
NP_001056.1	NP_001017963.1
NP_000323.2	NP_671512.1
NP_391987.1	NP_001737.1
NP_006612.2	Q14643
NP_002870.2	NP_000544.2
NP_001886.1	NP_001017963.1
NP_002256.2	NP_002816.1
NP_000433.3	NP_001895.1
NP_055940.3	NP_060921.3
NP_065801.1	NP_005076.3
NP_055317.1	NP_001013861.1
NP_001014809.1	NP_065393.1
NP_001001998.1	NP_008847.1
NP_004231.1	NP_001895.1
NP_000544.2	NP_002936.1
NP_001006611.1	NP_000029.2
NP_001744.2	NP_004325.1
NP_001505.1	NP_001420.2
NP_006635.2	NP_000282.1
NP_006322.3	NP_036323.2
NP_002816.1	NP_004921.1
NP_006223.2	NP_005025.1
NP_000382.3	NP_003210.1
NP_001009566.1	NP_004229.1
NP_653086.1	NP_003820.2
NP_066981.2	NP_115496.2
NP_037392.1	NP_510965.1
NP_006839.2	NP_067680.3
NP_000556.1	NP_000591.1
NP_006830.1	NP_054876.2
NP_060793.1	NP_932170.1
NP_002961.1	NP_060842.3
NP_733779.1	NP_036307.2
NP_077308.1	NP_006040.1
NP_054753.1	NP_003923.2
NP_000149.2	NP_002622.2
NP_149033.2	NP_055918.1
NP_008998.1	NP_060853.3
NP_060842.3	NP_001077430.1
NP_036252.1	NP_004637.1
NP_005585.1	NP_116269.2
NP_776056.1	NP_003303.2
NP_057297.2	NP_001420.2
NP_006324.1	NP_005990.1
NP_068506.1	NP_002553.2
NP_006597.2	NP_000312.2
NP_060362.3	NP_009210.1
NP_001001651.1	NP_004259.3
NP_055181.3	NP_115580.2
NP_001886.1	NP_004441.1
NP_877428.1	NP_001245.1
NP_002019.1	NP_057427.3
NP_003090.2	NP_000199.2
NP_000323.2	NP_001017969.2
NP_004238.2	NP_057632.2
NP_640337.2	NP_003816.2
NP_001311.3	NP_004636.1
NP_057212.1	NP_001646.2
NP_061918.3	NP_109598.2
NP_004119.1	NP_005504.2
NP_689926.1	NP_001007554.1
NP_037500.2	NP_002937.1
NP_006069.1	NP_004078.2
NP_000064.1	NP_000724.1
NP_001020128.1	NP_006035.2
NP_005251.1	NP_002961.1
NP_057542.2	NP_689979.1
NP_000030.1	NP_001629.1
NP_036354.1	NP_002583.1
NP_060842.3	NP_115865.1
NP_055260.1	NP_037468.1
NP_002961.1	NP_008998.1
NP_060377.1	NP_068597.2
NP_002937.1	NP_065853.2
NP_002613.2	NP_079169.1
NP_057033.2	NP_065853.2
NP_000320.1	NP_006735.2
NP_001505.1	NP_004950.2
NP_006070.2	NP_001521.1
NP_066267.2	NP_056972.1
NP_068579.3	NP_000825.1
NP_001505.1	NP_002086.1
NP_000964.1	NP_079224.1
NP_003935.2	NP_004228.1
NP_002544.1	NP_004517.2
NP_112176.1	NP_115580.2
NP_000282.1	NP_002037.2
NP_004755.2	NP_803187.1
NP_006387.1	NP_001230.1
NP_714941.1	NP_002262.3
NP_006087.2	NP_005403.2
NP_055677.3	NP_001521.1
NP_004171.2	NP_005649.1
NP_006371.2	NP_612440.1
NP_060181.2	NP_775891.1
NP_000199.2	NP_997006.1
NP_077001.1	NP_115689.1
NP_059347.2	NP_001001.2
NP_037433.2	NP_060842.3
NP_116119.2	NP_065393.1
NP_003706.1	NP_003155.2
NP_003816.2	NP_004851.1
NP_001078923.1	NP_009152.2
NP_006629.2	NP_892117.1
NP_000566.3	NP_000868.1
NP_000884.1	NP_000629.3
NP_057037.1	NP_000611.1
NP_000073.1	NP_055217.2
NP_004850.1	NP_079218.1
NP_073593.2	NP_006839.2
NP_060836.1	NP_001478.1
NP_037433.2	NP_115496.2
NP_068741.1	NP_149075.2
NP_997006.1	NP_001203.1
NP_003178.1	NP_036558.3
NP_001687.1	NP_001460.1
NP_001006611.1	NP_006201.1
NP_000207.2	NP_002989.2
NP_055048.1	NP_005602.2
NP_003155.2	NP_006830.1
NP_065845.1	NP_000104.1
NP_002086.1	NP_002383.2
NP_001195.2	NP_008958.1
NP_055785.2	NP_000029.2
NP_004438.3	NP_057323.3
NP_000629.3	NP_001020537.2
NP_036379.2	NP_116269.2
NP_005648.1	NP_005522.2
NP_001001998.1	NP_008860.4
NP_478126.1	NP_003748.1
NP_060245.2	NP_542199.1
NP_060062.1	NP_004266.2
NP_001800.1	NP_005210.3
NP_000610.2	NP_000585.2
NP_998785.1	NP_001687.1
NP_002681.1	NP_002583.1
NP_003945.2	NP_005649.1
NP_001631.3	NP_001031.2
NP_000116.2	NP_001895.1
NP_003593.3	NP_002037.2
NP_005139.1	NP_061730.1
CAA45056.1	CAA29800.1
NP_006357.1	NP_060362.3
NP_852133.1	NP_003602.1
NP_055048.1	NP_000312.2
NP_036233.2	NP_005331.1
NP_733779.1	NP_005638.1
NP_001878.1	NP_000343.2
NP_002168.1	NP_000620.2
NP_009104.1	NP_597677.2
NP_006174.1	NP_002950.3
NP_061182.3	NP_060342.2
NP_071933.2	NP_004698.2
NP_852133.1	NP_001078923.1
NP_008940.1	NP_003451.1
NP_000323.2	NP_055940.3
NP_054706.1	NP_004850.1
NP_005709.1	NP_112240.1
NP_008998.1	NP_004517.2
NP_005783.2	NP_115496.2
NP_056265.2	NP_059523.1
NP_004765.2	NP_002383.2
NP_002086.1	NP_000113.1
NP_005094.1	NP_060272.2
NP_001307.2	NP_079232.3
NP_055136.1	NP_004517.2
NP_004619.2	NP_000113.1
NP_001460.1	NP_542380.1
NP_877428.1	NP_006181.1
NP_000021.1	NP_000310.2
NP_006735.2	NP_000468.1
NP_002583.1	NP_550433.1
NP_001886.1	NP_003137.1
NP_113670.1	NP_006386.1
NP_658985.2	NP_001634.1
NP_000876.3	NP_997647.1
NP_066951.1	NP_006839.2
NP_000433.3	NP_060362.3
NP_005725.3	NP_001035919.1
NP_036350.2	NP_114060.1
NP_003854.1	NP_714969.1
NP_003945.2	NP_001073594.1
NP_932173.1	NP_004078.2
NP_066983.1	NP_776058.1
NP_056280.1	NP_003085.1
NP_000030.1	NP_006218.1
NP_002078.1	NP_002106.1
NP_057185.1	NP_060418.4
NP_001864.1	NP_002936.1
NP_001420.2	NP_000170.1
NP_000227.1	NP_000375.2
NP_061829.3	NP_036379.2
NP_006087.2	NP_066964.1
NP_005783.2	NP_060842.3
NP_612452.1	NP_877428.1
NP_065695.1	NP_065147.1
NP_000582.1	NP_003256.1
NP_004738.3	NP_001895.1
NP_008961.1	NP_002037.2
NP_006658.1	NP_036367.2
NP_006349.1	NP_002848.1
NP_066983.1	NP_776059.1
NP_001078923.1	NP_003616.2
NP_036601.2	NP_000116.2
NP_008882.2	NP_037423.2
NP_004857.4	NP_003816.2
NP_066964.1	NP_001059.2
NP_002337.1	NP_932170.1
NP_006382.1	NP_002256.2
NP_002964.2	NP_055105.2
NP_003181.3	NP_057535.1
NP_060279.2	NP_005076.3
NP_003189.1	NP_004255.2
NP_001031.2	NP_061837.3
NP_004520.1	NP_002816.1
BAC05213.1	NP_009092.2
NP_003480.2	NP_077817.2
NP_066964.1	NP_001460.1
NP_005863.1	NP_000917.3
NP_001424.2	NP_000012.1
NP_000247.2	NP_596869.3
NP_001822.2	NP_000437.3
NP_115664.2	NP_001031.2
NP_037386.1	NP_065797.2
NP_057472.2	AAH71758.1
NP_006391.1	NP_057632.2
NP_004516.2	NP_000468.1
NP_004347.1	NP_065173.2
NP_006375.1	NP_003210.1
NP_000421.1	NP_001886.1
AAH14214.1	NP_001031.2
NP_004231.1	NP_002593.1
NP_015566.1	NP_001737.1
NP_004291.1	NP_000199.2
NP_003286.1	NP_689419.2
NP_064585.1	NP_958802.1
NP_004996.1	NP_003631.2
NP_055700.1	NP_003894.3
NP_002037.2	NP_003249.1
NP_954986.2	NP_001886.1
NP_036219.1	NP_036336.1
NP_001460.1	NP_078913.3
NP_036370.2	NP_001420.2
NP_115806.1	NP_003381.1
NP_852133.1	NP_060842.3
NP_001416.1	NP_002553.2
NP_001547.1	NP_001017963.1
NP_000698.1	NP_000481.2
NP_008973.1	NP_006404.1
NP_005909.2	NP_004068.2
NP_932070.1	NP_068779.1
NP_009109.3	NP_057571.1
NP_003950.1	NP_004850.1
NP_009103.2	NP_002256.2
NP_000437.3	NP_000468.1
NP_061846.2	NP_003854.1
NP_003785.1	NP_000199.2
NP_877428.1	NP_004517.2
NP_079068.1	NP_439895.2
NP_714941.1	NP_006258.2
NP_892117.1	NP_055844.1
NP_733930.1	NP_001864.1
NP_000544.2	NP_008835.5
NP_478126.1	NP_057049.3
NP_001348.2	NP_056536.2
NP_000340.2	NP_005094.1
NP_997006.1	NP_005624.2
NP_003945.2	NP_001547.1
BAA20562.1	NP_003816.2
NP_056071.2	NP_006205.1
AAQ89335.1	NP_079157.2
NP_001311.3	NP_003706.1
NP_000336.1	NP_061820.1
NP_055252.2	NP_003019.2
NP_005649.1	NP_001234.2
NP_002405.1	NP_002256.2
NP_005582.1	NP_000225.1
NP_938150.1	NP_004590.2
NP_149052.1	NP_005649.1
NP_001002755.1	NP_115689.1
NP_001072993.1	NP_056202.2
NP_001017963.1	NP_000130.1
NP_001602.1	NP_001035147.1
NP_001922.2	NP_002601.1
NP_003642.2	NP_006157.1
NP_000960.2	NP_001961.1
NP_001528.1	NP_057137.1
NP_001001973.1	NP_115753.1
NP_001886.1	NP_005369.2
NP_001002755.1	NP_003316.3
NP_003173.1	NP_001050.1
NP_057717.1	NP_056347.1
NP_006410.1	NP_006265.1
NP_002222.1	NP_002523.2
NP_001494.2	NP_000473.2
NP_060496.2	NP_000288.1
NP_057190.2	NP_003155.2
NP_066964.1	NP_001609.1
NP_057632.2	NP_060597.4
NP_065134.1	NP_060700.2
NP_001004319.1	NP_001521.1
NP_003913.3	NP_006753.1
NP_006258.2	NP_002383.2
NP_004478.3	NP_065853.2
NP_002157.2	NP_060842.3
NP_037501.2	NP_057388.1
NP_115985.2	NP_001031.2
NP_006531.1	NP_001521.1
AAC39889.1	NP_006169.1
NP_002177.2	NP_000581.1
NP_003350.1	NP_777283.1
NP_000116.2	NP_001230.1
NP_006181.1	NP_003495.1
NP_055779.1	NP_004850.1
NP_004630.2	NP_006830.1
NP_005810.1	NP_065908.1
NP_443118.1	NP_955392.1
NP_005139.1	NP_996850.1
NP_003043.2	NP_001017963.1
NP_001895.1	NP_001521.1
NP_001002244.1	NP_003894.3
NP_938015.1	NP_005585.1
NP_001547.1	NP_003989.2
NP_036274.2	NP_872578.1
NP_003043.2	NP_004243.1
NP_004997.4	NP_005909.2
NP_008835.5	NP_002936.1
NP_000544.2	NP_002583.1
NP_443108.1	NP_003874.2
NP_001701.2	NP_001002029.1
NP_001028774.2	NP_056468.1
NP_004876.1	NP_003708.1
NP_056202.2	NP_060842.3
NP_115726.1	NP_006839.2
NP_001073594.1	NP_003870.3
NP_862820.1	NP_001245.1
NP_001602.1	NP_002937.1
NP_006092.1	NP_057285.3
NP_001822.2	NP_000221.1
NP_000971.1	NP_056468.1
NP_005251.1	NP_009152.2
NP_061730.1	NP_068597.2
NP_859050.1	NP_000483.3
NP_003965.2	NP_056449.1
NP_005649.1	NP_001183.2
NP_037392.1	NP_003855.1
NP_002007.1	NP_001886.1
NP_003178.1	NP_003175.1
NP_006457.2	NP_001510.2
NP_001092046.1	NP_612815.1
NP_001817.1	NP_004055.1
NP_001235.1	NP_001136.1
NP_002680.2	NP_058633.2
NP_473371.1	NP_001293.2
NP_005692.1	NP_003391.1
NP_058648.4	NP_001895.1
NP_689823.1	NP_001013633.1
NP_000104.1	NP_000336.1
NP_000323.2	NP_037450.2
NP_114174.1	CAA27173.1
NP_001012410.1	NP_006236.1
NP_001990.2	NP_059453.1
NP_000598.1	NP_000468.1
NP_002037.2	NP_002564.1
NP_066566.3	NP_001006611.1
NP_004313.1	NP_000336.1
NP_000072.2	NP_002256.2
NP_005556.1	NP_003019.2
NP_071935.1	NP_036231.1
NP_060842.3	NP_001078923.1
NP_066950.1	NP_002695.1
NP_036234.3	NP_037450.2
NP_579874.1	NP_003870.3
NP_127497.1	NP_006083.1
NP_006819.2	NP_057297.2
NP_002178.2	NP_000873.2
NP_003675.2	NP_001020272.1
NP_705618.1	NP_001003722.1
NP_006371.2	NP_001008395.1
NP_008884.1	NP_008883.2
NP_001505.1	NP_004119.1
AAD34145.1	NP_076952.1
NP_004477.2	NP_742017.1
NP_116010.1	NP_006839.2
NP_775816.1	NP_005844.4
NP_001348.2	NP_002583.1
NP_005410.1	NP_003144.3
NP_005451.2	NP_000336.1
NP_055948.2	NP_068751.4
NP_777283.1	NP_076972.2
NP_004281.1	NP_005428.1
NP_573570.2	NP_000116.2
NP_005751.2	NP_006157.1
NP_002681.1	NP_542380.1
NP_000579.2	NP_000386.1
NP_065937.1	NP_005648.1
NP_000997.1	NP_005861.1
NP_478126.1	NP_055277.1
NP_060747.1	NP_056449.1
NP_003837.1	NP_002848.1
NP_001003811.1	NP_689738.3
NP_055178.2	NP_740753.1
NP_002941.1	NP_068577.1
NP_037378.1	NP_004741.1
NP_068577.1	NP_000868.1
NP_733778.1	NP_391987.1
NP_006830.1	BAD36741.1
NP_059143.2	NP_006839.2
NP_002901.1	NP_000528.1
NP_443082.2	NP_001915.1
NP_631906.2	NP_000223.1
NP_061829.3	NP_065147.1
NP_937839.1	NP_006496.2
NP_006322.3	NP_006550.1
NP_056417.2	CAA27173.1
NP_001017963.1	NP_000116.2
NP_003682.2	NP_005220.1
NP_036377.1	NP_115580.2
NP_004517.2	NP_057278.2
NP_000117.1	NP_001014763.1
NP_004441.1	NP_057144.1
P15941	NP_001895.1
NP_006345.1	NP_005861.1
NP_004314.4	NP_000116.2
NP_074036.1	NP_001810.1
NP_065976.2	NP_065071.1
NP_060923.2	NP_056326.2
NP_006181.1	NP_002937.1
NP_059523.1	NP_004738.3
NP_003565.4	NP_006169.1
NP_877428.1	NP_002543.2
NP_065386.1	NP_000619.3
NP_002816.1	NP_001006668.1
NP_004556.1	NP_000279.1
NP_689476.2	NP_037474.1
NP_000323.2	NP_054891.2
NP_000876.3	NP_004376.2
NP_057472.2	NP_000724.1
NP_004199.1	NP_115689.1
NP_002564.1	NP_115496.2
NP_055300.1	NP_002106.1
NP_644815.1	NP_001247.2
NP_056271.2	NP_000116.2
NP_112190.1	NP_001245.1
NP_002717.3	NP_000884.1
NP_878919.2	NP_004322.1
NP_001012410.1	NP_859050.1
NP_110383.1	NP_000012.1
NP_002790.1	NP_006322.3
NP_006371.2	NP_004781.2
NP_006049.3	NP_000960.2
NP_060311.1	NP_068597.2
NP_000127.2	NP_003117.2
NP_001460.1	NP_006835.2
NP_361014.1	NP_115918.1
NP_001940.1	NP_009042.1
NP_115754.2	NP_001886.1
NP_006736.1	NP_000323.2
NP_003676.1	NP_055100.2
NP_002937.1	NP_115496.2
NP_003444.1	NP_002810.1
NP_009135.3	NP_001348.2
NP_002702.1	NP_002658.1
P45974	NP_006345.1
NP_001275.1	NP_003929.4
NP_057407.2	NP_444284.1
NP_002148.1	NP_009107.1
NP_003870.3	NP_005649.1
NP_002940.2	NP_060492.1
NP_060331.1	NP_660150.1
NP_003117.2	NP_057421.1
NP_009058.1	NP_001003811.1
NP_006295.1	NP_000050.2
NP_002071.2	NP_071939.1
NP_002459.1	NP_000868.1
NP_443096.1	NP_001560.2
NP_057253.2	P10071
NP_004921.1	NP_060441.2
NP_852133.1	NP_085152.1
NP_001895.1	NP_001028229.1
NP_001001651.1	NP_005111.2
NP_068660.1	NP_001311.3
NP_001018146.1	NP_059523.1
NP_116295.1	NP_002632.1
NP_085097.3	NP_054902.1
NP_002148.1	NP_060842.3
NP_110435.1	NP_057670.1
NP_002653.1	NP_000336.1
NP_004313.1	NP_612815.1
NP_036376.2	NP_000332.1
NP_004624.1	NP_000566.3
NP_004223.2	NP_996896.1
NP_004851.1	NP_061938.2
NP_056295.1	NP_006496.2
NP_597709.2	NP_054706.1
AAM80487.1	NP_009086.4
NP_003874.2	NP_005178.4
NP_000359.1	NP_006752.1
NP_002481.2	NP_004880.1
NP_006457.2	NP_036336.1
NP_002564.1	NP_005139.1
NP_001895.1	NP_872363.1
NP_057322.1	NP_001202.4
NP_001914.3	NP_057532.1
NP_689520.2	NP_057023.2
NP_000627.2	NP_115500.1
NP_001073594.1	NP_005649.1
NP_000377.1	NP_000475.1
NP_055525.3	NP_000731.1
NP_005139.1	NP_004403.1
NP_000846.1	NP_004078.2
NP_076999.1	NP_002583.1
NP_004850.1	NP_004032.2
NP_055647.2	NP_056224.2
NP_004079.3	NP_001460.1
NP_002640.2	NP_002175.2
NP_001003690.1	NP_060842.3
NP_006635.2	NP_000421.1
NP_001207.1	NP_001895.1
NP_004556.1	NP_000310.2
NP_036616.1	NP_000601.3
NP_694967.2	NP_004595.2
NP_055500.1	NP_000012.1
NP_689419.2	NP_003090.2
NP_004520.1	NP_115496.2
NP_005849.1	NP_444284.1
NP_001031.2	NP_003095.1
AAH14214.1	NP_000154.1
NP_002816.1	NP_065101.1
NP_060362.3	NP_852610.1
NP_996896.1	NP_003189.1
NP_001348.2	NP_006436.3
NP_000069.1	NP_005710.1
NP_002583.1	NP_542380.1
NP_005690.1	NP_055254.2
NP_005307.1	NP_000113.1
NP_001737.1	NP_000375.2
NP_006839.2	NP_937858.2
NP_009172.2	NP_115729.1
NP_002222.1	NP_001737.1
NP_001179.1	NP_001424.2
NP_005100.1	NP_001037.1
NP_000323.2	NP_056177.3
NP_001559.1	NP_003792.1
NP_078867.2	NP_009172.2
NP_005094.1	NP_079384.2
NP_060295.1	NP_982264.2
NP_004620.1	NP_000094.2
NP_004228.1	NP_039268.1
NP_004255.2	P20290
NP_064708.1	NP_066010.1
NP_066983.1	AAG17224.1
NP_056250.3	NP_057253.2
NP_057212.1	NP_009194.2
NP_004996.1	NP_005094.1
NP_775188.1	NP_031370.2
NP_068779.1	NP_002583.1
NP_079520.1	NP_001521.1
NP_003210.1	NP_004949.1
NP_006416.3	NP_006839.2
NP_006222.2	NP_058633.2
NP_997468.1	NP_005410.1
NP_002680.2	NP_057542.2
NP_078867.2	NP_115729.1
NP_006426.1	NP_060422.4
NP_006629.2	NP_006404.1
NP_006824.2	NP_004227.1
NP_001035930.1	NP_006824.2
NP_001719.2	NP_001744.2
NP_003493.1	NP_006640.2
NP_789839.1	NP_004851.1
NP_005740.1	NP_005576.3
NP_054736.1	NP_068805.1
NP_002286.2	NP_001015.1
NP_001003811.1	NP_056468.1
NP_003495.1	NP_058633.2
NP_067635.2	NP_003820.2
NP_776056.1	NP_077718.2
NP_004856.1	NP_060422.4
NP_001073594.1	NP_000312.2
NP_060866.2	NP_000012.1
NP_057253.2	NP_057507.1
NP_000116.2	NP_005624.2
NP_005158.5	NP_001881.1
NP_006640.2	NP_071921.1
NP_002448.2	NP_055613.1
NP_001631.3	NP_079232.3
NP_006592.3	NP_001612.1
NP_006592.3	NP_000116.2
NP_003783.1	NP_004950.2
NP_008973.1	NP_006629.2
NP_003249.1	NP_115496.2
AAA93070.1	NP_004249.1
NP_060093.3	NP_114060.1
NP_060557.2	NP_055484.2
NP_037407.4	NP_003874.2
NP_003249.1	NP_005139.1
NP_599150.1	NP_115500.1
NP_689926.1	NP_112188.1
NP_002961.1	NP_733778.1
NP_003316.3	NP_002575.1
NP_004851.1	NP_076974.1
NP_004243.1	NP_001687.1
NP_009104.1	NP_057230.1
NP_056207.2	NP_444284.1
NP_002019.1	NP_002018.1
NP_061932.1	NP_064628.1
NP_056202.2	NP_001018146.1
NP_000323.2	NP_060469.4
NP_056054.1	NP_061820.1
NP_006701.1	NP_006824.2
NP_001072993.1	NP_004851.1
NP_003128.3	NP_005830.2
NP_892010.1	NP_001323.1
NP_003292.1	NP_009048.1
NP_059523.1	NP_001078923.1
NP_055325.2	NP_001078923.1
NP_004453.3	NP_055976.1
NP_002175.2	NP_065391.1
NP_003935.2	NP_057144.1
NP_000980.1	NP_003945.2
NP_005139.1	NP_000555.2
NP_055099.1	NP_000072.2
NP_006863.2	NP_004483.1
NP_008982.1	NP_115580.2
NP_000115.1	NP_000114.2
NP_861447.2	NP_000116.2
NP_940974.1	NP_001061.2
NP_004851.1	NP_001009997.1
NP_002086.1	NP_005504.2
AAO14651.1	NP_061874.3
NP_002517.1	NP_997647.1
NP_000362.1	NP_005094.1
NP_060740.1	NP_073593.2
NP_060277.1	P15941
NP_002157.2	NP_115496.2
NP_055986.1	NP_005210.3
NP_006345.1	NP_001479.3
NP_005648.1	NP_003989.2
NP_002583.1	NP_444284.1
NP_001003800.1	NP_006391.1
NP_006647.3	NP_001744.2
NP_002262.3	NP_000969.1
NP_004498.1	NP_002583.1
NP_620409.1	NP_002222.1
NP_060897.3	NP_056240.2
NP_001460.1	NP_542399.1
NP_001073594.1	NP_004055.1
NP_001560.2	NP_001020272.1
NP_055717.2	NP_068579.3
NP_005863.1	NP_000116.2
NP_852133.1	NP_065853.2
NP_004763.1	NP_116269.2
NP_001056.1	NP_002332.1
NP_006070.2	NP_055379.1
NP_036453.1	NP_003085.1
NP_003160.2	NP_064528.1
NP_004078.2	NP_076425.1
NP_060740.1	NP_061973.1
NP_006131.2	NP_001547.1
NP_065911.2	NP_060362.3
NP_113670.1	NP_004840.1
NP_001420.2	AAK21314.1
NP_057513.1	NP_057212.1
NP_001006668.1	NP_068597.2
NP_733779.1	NP_689889.1
NP_003202.3	NP_000116.2
NP_008835.5	NP_002937.1
NP_006701.1	NP_003644.2
NP_443103.1	NP_003855.1
NP_061833.1	AAH07654.1
NP_000336.1	AAP90927.1
NP_005878.1	NP_068597.2
NP_055940.3	NP_037460.2
NP_000323.2	NP_003664.1
NP_036233.2	NP_077817.2
NP_003989.2	NP_003870.3
NP_689837.2	AAN62764.1
NP_005121.1	NP_005520.4
NP_006729.4	NP_006752.1
NP_057632.2	NP_068762.1
NP_055191.2	NP_004851.1
NP_733930.1	NP_002950.3
NP_115910.1	NP_062565.2
NP_000652.2	NP_000996.2
AAA60120.1	NP_057137.1
NP_000522.3	NP_055580.1
NP_015566.1	AAA59925.1
NP_004851.1	NP_006839.2
NP_003495.1	NP_478102.1
NP_055105.2	NP_006274.1
NP_036274.2	NP_444284.1
NP_000629.3	NP_006496.2
NP_005246.1	NP_004850.1
NP_003894.3	NP_004652.2
NP_002799.3	NP_659486.1
NP_001003811.1	NP_112484.1
NP_006347.1	NP_057033.2
NP_003788.2	NP_079107.5
NP_000466.2	NP_004950.2
NP_060362.3	NP_004630.2
NP_006818.3	AAH20590.1
NP_003631.2	NP_060311.1
NP_060231.1	NP_000116.2
NP_066983.1	NP_115501.2
NP_000030.1	NP_000069.1
NP_002961.1	NP_068597.2
NP_005251.1	NP_002564.1
NP_065853.2	NP_001078923.1
AAG30114.1	NP_006294.2
NP_001736.1	NP_619639.3
NP_689825.2	NP_006839.2
NP_005251.1	NP_005878.1
NP_001521.1	NP_000282.1
NP_060362.3	NP_055542.1
NP_443096.1	AAH07654.1
NP_060900.2	NP_005990.1
NP_003493.1	NP_001895.1
NP_004322.1	NP_003867.1
NP_004796.1	NP_066951.1
NP_858058.1	NP_005325.2
NP_000062.1	NP_004851.1
NP_001017963.1	NP_000997.1
NP_057522.1	NP_056347.1
NP_004522.1	NP_000652.2
NP_003178.1	NP_008882.2
NP_056201.2	NP_061184.1
NP_056229.2	NP_000971.1
NP_000030.1	NP_000375.2
NP_001940.1	NP_000312.2
NP_065857.1	NP_004949.1
NP_002816.1	NP_057137.1
NP_002964.2	NP_740753.1
NP_060218.1	NP_006839.2
NP_000917.3	NP_076945.2
NP_003292.1	NP_004032.2
NP_066964.1	NP_008835.5
NP_002175.2	NP_001321.1
NP_653302.2	NP_057668.1
NP_004477.2	NP_055259.2
NP_056477.1	NP_055379.1
NP_689695.1	NP_006839.2
NP_005849.1	NP_004517.2
NP_057033.2	NP_689979.1
NP_000197.1	NP_000871.1
NP_942600.1	NP_005121.1
NP_060526.1	NP_694551.1
NP_006839.2	NP_001013861.1
NP_115518.2	NP_001031.2
NP_057569.2	NP_061938.2
NP_000261.1	NP_115496.2
NP_003241.2	NP_006729.4
NP_005081.1	NP_001031.2
NP_073562.1	NP_004620.1
NP_076423.2	NP_115580.2
NP_004880.1	AAH09369.1
NP_006099.2	NP_000475.1
NP_004243.1	NP_001683.2
NP_001001998.1	NP_079348.1
NP_002256.2	NP_059523.1
NP_055153.1	NP_631918.1
NP_002784.1	NP_057016.1
NP_079456.2	NP_057670.1
NP_006839.2	NP_003972.1
NP_003071.2	NP_002640.2
NP_002328.1	NP_065393.1
NP_004720.1	NP_057185.1
NP_003874.2	NP_005638.1
NP_003348.1	NP_060583.2
NP_079103.1	NP_006035.2
NP_001715.1	NP_002037.2
NP_004403.1	NP_006824.2
NP_008973.1	NP_892117.1
NP_009166.2	NP_005076.3
NP_003380.2	NP_005638.1
NP_057297.2	NP_000116.2
NP_003923.2	NP_004249.1
NP_000323.2	NP_004636.1
NP_002665.2	NP_000896.1
NP_057403.1	NP_001559.1
NP_004404.1	NP_056449.1
P33316	NP_006029.1
NP_015566.1	NP_000825.1
NP_001001998.1	NP_061874.3
NP_444282.2	NP_036242.1
NP_110435.1	NP_061132.2
NP_004055.1	NP_444284.1
NP_065840.1	NP_115580.2
NP_066964.1	NP_058633.2
NP_057670.1	NP_006839.2
NP_002855.1	NP_001863.2
NP_001179.1	NP_612815.1
NP_056146.1	NP_000012.1
AAQ89335.1	NP_115496.2
NP_001507.2	NP_000113.1
NP_036354.1	NP_542380.1
NP_004441.1	NP_116269.2
NP_777571.1	NP_001894.2
NP_005602.2	NP_068749.3
NP_057632.2	NP_079234.1
NP_006092.1	NP_057137.1
NP_004405.3	NP_705582.1
NP_003541.2	NP_055259.2
NP_003820.2	NP_001888.2
NP_000360.2	NP_997647.1
NP_060295.1	NP_775891.1
NP_002599.1	NP_005520.4
NP_000312.2	NP_001420.2
NP_001864.1	NP_006640.2
NP_001003690.1	NP_065853.2
NP_003155.2	NP_006824.2
NP_006169.1	NP_004032.2
NP_004837.1	NP_114060.1
NP_005878.1	NP_006824.2
NP_065116.2	NP_002680.2
NP_001075.1	NP_006839.2
NP_001001998.1	NP_003137.1
NP_006862.2	NP_001056.1
NP_000578.2	NP_001822.2
NP_006109.2	NP_000288.1
NP_068779.1	NP_612815.1
NP_005013.1	NP_060842.3
NP_006824.2	NP_112486.1
NP_000782.1	NP_002147.2
NP_005246.1	NP_003493.1
NP_006371.2	NP_776159.1
NP_000611.1	NP_000669.1
NP_008937.1	AAH07654.1
NP_858058.1	NP_001886.1
NP_009123.1	NP_002086.1
NP_002964.2	NP_004630.2
NP_009108.1	NP_006839.2
NP_002961.1	NP_060117.2
NP_003125.2	NP_057227.2
NP_001948.1	NP_996917.1
NP_064633.1	NP_001895.1
NP_078865.1	NP_006824.2
NP_066547.1	NP_054706.1
NP_002961.1	NP_036379.2
NP_000309.1	NP_009107.1
NP_659502.2	NP_001560.2
AAH41119.1	NP_006550.1
NP_631938.1	NP_003381.1
NP_037407.4	NP_006531.1
NP_004738.3	NP_115696.2
NP_006701.1	NP_057213.2
NP_543157.1	NP_835461.1
NP_008937.1	NP_115496.2
NP_004720.1	NP_009197.1
NP_000323.2	NP_001018494.1
NP_391987.1	NP_997647.1
NP_003708.1	NP_000896.1
NP_002543.2	NP_478102.1
NP_037446.1	NP_653202.1
NP_001816.1	NP_060842.3
NP_060062.1	NP_004220.2
NP_000841.1	NP_057144.1
AAH07654.1	NP_004227.1
NP_005094.1	NP_065196.1
NP_005761.2	NP_945327.1
NP_001035022.1	NP_055022.1
NP_071935.1	NP_005670.2
NP_006015.4	NP_006281.1
NP_001460.1	NP_653171.1
NP_000113.1	NP_000391.1
NP_003249.1	NP_060842.3
NP_056207.2	NP_009042.1
NP_057569.2	NP_057670.1
NP_006332.2	NP_003174.3
NP_006169.1	NP_009107.1
NP_000126.2	NP_001547.1
NP_002816.1	NP_061933.1
NP_006511.1	NP_055022.1
NP_036361.1	NP_004851.1
NP_001915.1	NP_006391.1
NP_059345.1	NP_005210.3
NP_005013.1	NP_005139.1
NP_055768.2	NP_055100.2
NP_001029058.1	NP_997647.1
NP_945327.1	NP_079103.1
NP_005672.1	NP_036231.1
NP_001014809.1	NP_003493.1
NP_005582.1	NP_001420.2
NP_005817.1	NP_001195.2
NP_002523.2	NP_057404.2
NP_079023.2	NP_852608.1
NP_005845.2	NP_001732.1
NP_002352.1	NP_001020272.1
NP_006222.2	NP_002583.1
NP_060108.1	NP_004266.2
NP_004452.1	NP_005817.1
NP_005251.1	NP_001195.2
NP_002543.2	NP_004517.2
NP_004306.2	NP_000534.3
NP_057230.1	NP_002989.2
NP_066566.3	NP_004516.2
NP_003054.1	NP_002658.1
NP_004620.1	NP_068741.1
NP_055440.1	NP_036252.1
NP_000255.2	NP_000184.1
NP_009210.1	NP_510965.1
NP_036228.1	NP_004730.2
NP_060700.2	NP_057427.3
NP_542382.1	NP_598395.1
NP_057130.1	NP_061874.3
NP_060534.1	NP_006839.2
NP_073562.1	NP_000127.2
NP_060466.2	NP_001914.3
NP_006087.2	NP_001020.2
NP_005139.1	NP_112486.1
NP_065393.1	NP_612815.1
NP_006087.2	NP_000959.2
NP_005210.3	NP_000288.1
NP_001003811.1	NP_003541.2
NP_001510.2	NP_000312.2
NP_006635.2	NP_003325.2
NP_061960.1	NP_076423.2
NP_055268.1	NP_003898.2
NP_001014809.1	NP_037433.2
NP_037366.1	NP_003747.1
NP_006433.2	NP_003178.1
NP_001822.2	NP_001460.1
NP_000098.1	NP_004619.2
NP_009171.1	NP_065853.2
NP_002816.1	NP_009152.2
NP_003794.3	NP_596869.3
NP_005624.2	NP_004438.3
AAH20590.1	NP_758844.1
NP_000976.1	NP_005692.1
NP_005520.4	NP_002078.1
NP_004636.1	NP_065731.3
NP_004754.1	NP_004516.2
NP_060037.2	NP_003682.2
NP_006047.2	NP_006672.1
NP_004630.2	NP_003631.2
NP_000323.2	NP_001025162.1
NP_062816.2	NP_061132.2
NP_997468.1	NP_059110.2
NP_057212.1	NP_057535.1
NP_000152.1	NP_001668.1
NP_001348.2	NP_059347.2
NP_004630.2	NP_061980.1
NP_006067.3	NP_067058.1
NP_000116.2	NP_003989.2
NP_001001651.1	NP_598395.1
NP_036439.2	NP_001284.1
NP_443197.1	NP_076980.2
NP_057144.1	NP_079479.1
NP_853515.1	NP_000199.2
NP_006260.1	NP_000029.2
NP_005569.1	NP_001036148.1
NP_776195.1	NP_076934.1
NP_000299.2	NP_000395.2
NP_005251.1	NP_036350.2
NP_006418.2	NP_056347.1
NP_001419.1	NP_056054.1
NP_066964.1	NP_000544.2
NP_060910.3	NP_004243.1
NP_057175.1	NP_003744.1
NP_006087.2	NP_001406.1
