P16649	P14922
P07269	P22035
P33418	P50278
P27705	P14922
P05453	P05453
P05453	P12385
P09624	P19262
P20967	P19262
P25605	P07342
Q00764	P31688
Q00764	P38427
P38427	P31688
P09798	P53886
P09798	P14724
P53886	P53886
P09798	P16522
P09798	P09798
P09798	P38042
P16522	P16522
P16522	P38042
P38042	P38042
P00899	P00937
P03965	P07258
P13712	Q04199
P13712	Q12495
Q04199	Q12495
P13393	P46677
P13393	P23255
P38636	P38995
P13393	P46678
P29056	P46678
P13393	P29056
P02303	P06701
P02309	P06701
P11978	P02303
P11978	P02309
P11978	P06701
P06701	P11938
P04911	P06701
P02293	P06701
P06701	P06701
P11978	P11938
P11978	P06700
P38959	Q07468
P25296	P23287
P25296	P14747
P05986	P07278
P09959	P25302
P24869	P25302
P29295	P09959
P43639	P19454
P43639	P43639
P38930	P19454
P38930	P38930
P53378	P53540
P53378	P38863
P38863	P53540
P32380	P53540
P32380	P38863
P12294	P12398
P07149	P19097
P33304	P32468
Q04921	Q04921
P32524	Q07350
P19736	Q07350
P19736	P19736
P19736	P32524
P06782	P38717
P40020	P42073
P06782	P32578
P22543	P22219
P11978	P11978
P15646	P33750
P40957	P26309
P40958	P26309
P18852	P18851
P08539	P18851
P14306	P40368
P14306	P34077
P14306	P48837
P14306	Q02199
P20433	P34087
P32835	P41920
P20676	Q02821
Q02821	P32499
P13902	P26798
P17119	Q01649
P06782	P12904
P07269	P07270
P06787	P32380
P26570	Q00916
Q00916	P39723
Q00916	P52910
Q00916	P32639
Q00916	P14922
Q02554	Q99181
Q99181	P53236
P47093	Q99181
P38203	P47093
P25644	P47093
P47093	P39081
P39998	P47093
P47093	P53147
P38768	P47093
P38769	P47093
P40438	P47093
P47093	P53952
P47093	Q08491
P47093	P18900
P22147	P47093
P38999	P47093
P35198	P47093
P47093	P48240
P47093	P53550
P40070	P47093
P47093	P53742
Q02875	Q12186
P32909	P36084
P36084	Q02875
P36084	Q12186
P39935	Q07350
P43321	P40018
P31244	P43321
P29539	P11938
P32917	P23561
P06784	P32917
P16892	P32917
P14681	P32917
P14681	P23561
P06784	P14681
P06784	P16892
P14681	P13574
P25344	P23561
Q06966	P01119
Q06966	P24719
P24719	P01119
P01367	P16649
P12398	Q01852
Q01852	P38523
P12398	P38523
P32917	P18851
P06782	P46954
P21182	P21182
P15891	P39743
P17555	P15891
P60010	P46680
P60010	P46681
P60010	P41697
P07274	P60010
P17555	P60010
P60010	P60010
P60010	P39743
Q03558	P60010
P60010	P17709
P60010	P02400
P60010	P11710
P60010	P29366
P29366	Q03497
P29366	P32917
P60010	P41832
P41697	P41832
Q03048	P60010
P60010	Q12446
P32599	Q12446
P13517	Q12446
Q03048	Q12446
P32790	Q12446
P29366	Q12446
P07274	P41832
P07274	P40450
Q00246	P40450
P07274	P52960
P41832	P06780
P60010	P08964
P60010	P32599
P60010	P33338
P17555	P17555
P60010	P37370
Q02336	P06100
Q02336	P32494
P13393	P32494
Q02336	Q03330
P32494	P50875
P32494	P12383
P32494	P33200
Q02336	P03069
P13393	Q02336
P04386	P04387
P13393	P04386
P04386	Q01939
Q02336	P04386
P34162	P03069
P32569	P03069
P47822	P03069
P03069	P32494
P03069	Q05027
P03069	P53040
P03069	P38129
Q02336	P38129
P32494	Q05027
P32494	P53040
P38129	P32494
P46677	Q05027
P46677	P53040
P38129	P46677
Q02336	P38811
P35177	P38811
P35177	P32494
P32494	P38811
P07248	P38129
P07248	P13393
P07248	P46677
P07248	P53040
P07248	Q12030
Q12060	Q12060
Q02336	Q12060
P32494	Q12060
P50875	Q12060
Q03330	Q12060
P07248	Q02336
P07248	Q03330
P07248	P29055
P39925	P40341
P11746	P01367
P13574	P11746
P01365	P01367
P32629	P50108
P50108	P47124
P50108	P46985
P46985	P47124
P39107	P32629
P39107	P23642
P38042	Q12440
P09798	Q12440
P16522	Q12440
P06778	P25454
P25454	P32863
P25453	P38086
P25453	Q08562
P32910	P32349
P33339	P25441
P36121	P25441
P07703	P28000
P07703	P22138
P20434	P10964
P20434	P04050
P20434	P04051
P28000	P22138
P28000	P16370
P27999	P04050
P27999	P04051
Q04307	P22276
P22138	P40422
P04050	P22139
P08518	P22139
P29056	P33339
P22138	P32529
P16370	P38902
P22138	P22139
P14724	P16522
P14724	P38042
Q02775	P33411
P32523	Q03654
Q02821	Q08920
P09798	Q08683
P09798	P53068
P09798	Q12107
P09798	Q12157
P53886	P53068
P16522	P53886
P14724	P53886
P38042	P53886
P53886	Q08683
Q12440	P53886
P53886	Q04601
P53886	Q12157
Q12440	Q12107
Q12440	P53068
P16522	P53068
P16522	Q12107
P16522	Q12157
P16522	Q08683
P16522	Q04601
P14724	P53068
P38042	P53068
P38042	Q12157
P38042	Q08683
P38042	Q04601
P32830	P87108
P87108	Q12328
P09733	P00330
P33304	Q12280
Q03048	P46680
Q12280	P39010
P35197	P39010
P18852	P39010
P39010	P06783
P18851	P39010
P32917	P39010
P35189	Q06697
P35189	P38351
P04050	P35189
P35189	P22082
Q12030	P35189
P35189	P41895
P35189	P41896
P08524	P08524
P00331	P43560
Q12433	P25649
P38316	P40344
Q06628	P53104
P38316	Q12380
P38316	P38862
P40344	P38862
P38862	P38182
Q00776	P36000
P36000	P38700
P26448	P40087
P26448	P38785
P41697	P33199
P12962	P07260
P00812	P00812
P32797	P38960
P18898	P29703
Q12018	P52286
Q12018	P31111
P06243	P39517
Q06549	Q06549
P08679	P08679
P24869	P20486
P53267	P53168
P53550	Q12517
P39998	P53550
P39517	Q12517
Q06819	P19735
Q03063	Q03373
P53168	P40013
P53168	Q12248
P47160	Q99210
P46671	P43592
P51601	P51601
P20081	P10869
P14741	P14741
P07262	P47017
Q04493	P52553
P32598	P53858
P32598	P38229
P43638	P32598
P32598	P32521
P42073	P32598
P32598	P34758
P32598	Q03898
Q04031	P32598
Q02784	P40485
P53955	Q02784
P47123	P32836
Q00582	Q00582
P42944	P53973
P06774	P13434
P06774	Q02516
P13434	Q02516
P32828	Q12306
P32505	Q99383
P29295	P38872
Q99181	P38262
P53115	Q03435
P14904	P14904
P35193	P14904
P40079	Q06631
P25651	Q04087
P38203	P39517
P38203	P47017
P38203	P40089
P38203	Q06406
P38203	P53905
P38203	P02380
P38203	Q06217
P40070	P47017
P40070	Q06406
P40070	P53905
P40070	P02380
P47093	P40089
P47093	P02380
P53237	P25502
P32805	P50113
Q03503	Q02197
Q02197	P23059
Q12262	P47167
P32570	Q99278
Q12343	Q08278
P39014	P47041
P52918	P08153
P48240	Q12277
P32500	Q03790
Q03435	P40060
P34077	Q03790
P32497	P32911
P38696	P33420
P33755	P53044
P32832	P43609
P32356	Q06151
P48837	P14907
Q02199	P48837
P39946	Q06568
P39081	Q08685
P39081	P25298
P39081	P25299
P39081	P17157
P17157	P53124
P40038	Q06324
P39108	P38855
P39108	P50091
P39108	P27796
P17157	P35190
P17157	P40038
P17157	P40186
P17157	Q08966
P17157	Q12477
P17157	Q07786
P17157	P40164
P24583	P54786
P32838	P15108
P53691	P32838
P32838	P53043
P07248	P53043
P36068	P40302
P48837	P32337
Q07786	P32337
P35182	Q12163
Q02574	P48581
P14736	P32628
P25454	P38953
P10862	P06104
P29703	P22007
Q00246	P39011
P38615	P21190
P28000	P43594
P43588	Q08723
P32496	Q05610
Q12250	Q03981
P05317	P05318
Q12517	P02380
P02380	P38254
P33298	P38313
P33298	P53549
P33298	P33297
P33298	P50086
P40992	P32786
P38204	P53437
P39743	P25343
P53036	Q12199
Q02774	P48813
P52286	P07834
P52286	P35203
P52286	P24814
P52286	P39014
P52286	Q08446
P52286	Q12347
P52286	Q05947
P52286	Q06479
P52286	Q05930
Q12330	P54999
P41808	P43568
Q12306	P50623
Q06217	P54999
P06782	Q04739
P06782	P40151
P12904	Q04739
P12904	Q12310
P12904	Q03533
Q00916	P22209
Q03954	P36131
P38872	P23624
Q04921	P32458
P47822	Q08278
Q12020	Q12020
Q02821	P00812
Q02821	P53081
Q02821	P36068
Q02821	P35497
Q02821	P47165
Q02821	P38749
Q02821	P53215
P13574	Q03373
Q04048	P21374
Q04048	P38302
Q04048	P53277
P38302	Q12309
P25453	P38987
P38910	P38987
P22209	P38987
Q12206	P38987
P39998	P38987
P38987	P47115
Q06410	P38987
P38987	Q08931
P36100	P36145
P36100	P32776
P14904	P32776
P53271	P32776
P35193	P32776
P32318	P32318
Q05024	P04786
Q03337	P36149
Q03337	P38334
P35193	Q99394
P50623	P50623
P39944	P38080
Q12059	Q99344
P27515	Q12084
P32912	Q12241
P38784	P32366
P32913	Q92331
P40343	P38753
Q06696	Q12483
P52917	P39929
P39706	P38123
P32598	P27637
P38262	P40480
P38324	Q12098
P14741	P38346
P40485	P38346
P23291	P39009
P25293	P25389
P12904	P25575
Q12066	Q12066
Q12066	Q06169
Q12468	Q04368
Q12411	Q07732
P38871	Q07732
Q12488	Q03406
Q12335	Q12335
P53108	P38962
P38962	P53093
Q03897	Q04491
Q03900	P40892
Q05583	P38829
P43619	P43619
P53108	P53093
P53238	P53238
P53238	P53281
P53955	P53238
P39929	P53272
P38957	P38751
P38744	P38744
P38820	P38820
P38883	Q06410
P38872	P40555
P38820	P40554
P40479	P32350
Q00772	P40479
P40465	Q12318
P40456	P34217
P36068	P47049
P47025	P54861
P47122	Q06543
P47122	Q08726
Q04048	P28320
P28708	P48361
P38247	Q02205
P36118	P32788
Q06411	P36118
P36162	P35734
P34217	P36168
P53755	Q07887
Q03323	P43132
Q99382	Q12142
Q06001	Q03944
Q06178	Q06178
P48240	Q06137
Q06137	Q06168
P53271	Q06410
Q04978	P00358
P52286	Q04511
Q12030	Q03750
Q03208	Q07834
P40151	Q03177
Q04868	P38874
P36010	P36010
Q02794	P40164
P40151	P40151
P42843	Q02196
P53755	P53754
Q12285	Q12118
P53949	P53965
P53949	P50946
P25293	P53939
P48232	P35727
P25651	Q08729
Q08817	P38692
P53271	Q06096
P01123	P25385
P38130	P01123
P01123	P32854
P32854	P38555
P38555	P36125
Q08931	P38555
Q06102	P45976
P39547	P39550
P34162	P38208
P38194	P32478
P40344	P38182
P32478	P38240
P38272	P38272
P20486	P39547
P00546	P20486
P34162	P33754
P34162	P38334
P36149	P38334
Q00246	Q12434
Q12248	P36131
Q12084	Q12084
Q12306	Q12306
P40089	Q06406
P40089	P53905
P53168	P36131
Q02260	P34234
P40325	P40325
P40892	P40892
P47115	P47115
P36068	P36068
Q03954	P36162
P39929	P39929
O13554	P47821
P38957	Q12318
Q00582	Q02205
P53108	P32854
Q99210	Q99210
P38276	P38276
P25605	P25451
P25584	Q12082
P25584	P50945
P25657	P34224
Q04491	P25657
P32478	Q12264
Q12513	Q12138
P06100	Q12138
P38957	P40455
Q03860	Q03860
P53108	Q03860
Q03860	P22804
P32854	Q03860
Q03919	P52491
Q03920	P53738
P32529	P50106
Q12030	P11747
Q03973	P11747
P02400	P10622
P36973	P49435
Q03322	P53633
Q12306	Q04110
P53168	P00128
P39996	P39996
P39979	P39979
P40092	P25591
P40096	Q92317
P43545	Q12223
P53184	P53184
P53171	P47012
P53169	P49687
P46947	P40565
P38784	P39111
P32564	Q12223
P06838	P32914
P18852	P53269
P53039	P38191
P53039	P25357
Q03322	P53039
P53108	P53039
P53845	P53039
P46948	Q05636
P42941	P34238
P38742	P25559
P38727	P36129
P38726	Q02204
P25559	P38782
P38784	P26343
P38806	P36116
P38821	P38821
P38879	P40314
P38204	P38886
P13517	P38191
P33204	P40518
P38204	P40461
P40582	P40582
P40582	P40857
P46962	P46963
P25591	P47053
P47038	P39515
P25591	P26755
P53168	P46988
P39534	P39534
P39534	O13530
P32529	P47150
P38204	P47132
P36103	P32583
P35691	Q05874
Q05874	Q00873
P36053	P32859
P38987	P36018
P36125	Q02804
Q12336	Q04231
Q12138	Q07914
P07272	P07272
Q07986	P36147
Q05874	Q12026
Q99176	Q12035
P25559	Q12174
Q12327	P54837
P38871	P49166
O13553	P53910
Q04868	Q06177
P47821	O13565
Q7LIF1	P47913
Q12318	P26343
Q00582	P38822
Q03818	Q03818
P32854	Q04338
Q06651	P53633
P53633	P53039
P53633	P53633
P53845	P53633
P42884	P42884
P53824	P53823
P17123	Q12208
Q02574	P17123
P18562	P17123
P17123	Q05583
P17123	P38713
P17123	Q07930
P40020	P17123
P17123	P46995
P17123	P47176
P17123	Q06525
P08518	P04050
P08518	P20435
P04050	P20435
P04050	P20436
P04050	P38902
P08518	P27999
P08518	P16370
P16370	P40422
P02293	P06104
P19454	P14164
P43639	P14164
P38930	P14164
P15891	P32599
P15891	P32790
P15891	P33338
P60010	P35197
P60010	Q12280
P60010	Q03497
P60010	P53250
Q02336	Q12433
P34162	Q02336
P32569	Q02336
Q02336	P47822
Q02336	P46677
Q02336	Q05027
Q02336	P53040
Q02336	P50875
Q02336	P41546
Q02336	P06844
Q02336	P35177
P53904	P40413
P53904	P09734
P11746	P01365
P13574	P01365
P01367	P01367
P01367	P01366
P01367	P14922
P32629	P47124
P32629	P46985
Q12440	Q12157
P25453	Q12440
Q12440	Q08273
P46672	P00958
P33418	P46672
P46672	P46655
P11076	P20133
P11076	P19146
P11076	P39524
P32074	P11076
P32381	Q05933
P32381	P38328
P32381	P39013
Q12446	P32381
P32381	Q04439
Q02821	P32381
Q01389	Q01389
P32491	Q01389
P41832	Q01389
Q01389	P48582
P29366	P38041
P29366	P39969
P29366	P11433
P29366	P21268
P29366	P13856
P22804	P22804
P25385	P22804
P22804	P20606
P22804	P15303
P22804	P40482
P19073	P38041
P25385	P20606
P25385	P22214
P25385	P15303
P25385	P40482
P29056	P32910
P29056	P32367
P26449	P41695
Q03758	P39940
P39935	P12962
P00546	P43568
P17106	Q06675
P17106	P32389
P17106	P40573
P40517	P30822
P32835	P40517
P40517	P33331
P32601	P38555
P38555	P53039
P01123	P32864
P01123	P22214
P01123	P53039
Q04338	P36015
P36015	Q12255
Q12241	P36015
P32912	P36015
P16521	P02994
P13365	P25491
P25491	P31539
P25491	P11484
P25655	P34909
P34909	P06102
P34909	Q12514
P37366	P06242
P32468	Q12263
P04821	P02829
P04821	P04821
P04821	P01120
P04821	P14771
P04821	P09435
P00546	P09119
P00546	P24868
P24869	P00546
P00546	P24871
P00546	P21268
P00546	P20438
P00546	P39016
P00546	P40075
P06704	P11927
P38692	P06704
P32380	P06704
P07260	P04147
P06100	P25655
P25655	P06102
P25655	Q12514
Q12018	P07834
P14682	P07834
P07834	Q08446
P07834	P09119
P19073	P11433
P19073	P48562
P19073	P21268
P19073	P38785
P19073	Q06648
P19073	Q12280
Q03497	P19073
P38856	P22137
P38856	P17891
P32521	P38856
P37370	Q12446
P37370	Q04439
Q00362	P23595
P09119	P54784
P09119	P32833
P09119	P54790
P09119	P54791
P09119	P50874
P09119	P38826
P06243	P32325
P06243	P29469
P16140	P17255
P48412	P38798
P39001	P21190
P39001	P38615
P22579	P39001
P52488	P29468
P53044	P52488
P32380	P53378
Q01159	O13297
P04050	Q01159
P04050	O13297
P25644	P06786
P06786	P06786
P07213	P49334
P32497	P38431
P39935	P04147
P13393	Q03761
P46677	Q03761
Q12018	P20438
Q03497	P20438
P25302	P20438
P09959	P20438
P06787	P53731
P06787	P22517
P06787	P14747
P06787	P23287
P06787	P07273
P06787	Q12280
P03069	P46677
P32367	Q12415
P38431	P09064
P25302	Q00772
P09959	Q00772
P53691	P02829
P53691	P28707
P32561	P53691
P02829	P47103
P32561	P47103
P05453	P31539
P32835	P30822
P49687	P30822
P20676	P30822
P48837	P30822
Q02199	P30822
P30822	P49686
P30822	P40477
P30822	P21827
P19880	P30822
P41920	P30822
Q07350	P53830
P08678	P18963
P04821	P08678
P01120	P08678
P17555	P08678
P22204	P40484
P32325	P32562
P32325	P29469
P32325	P22216
Q02574	Q08949
P48581	Q08949
P39517	P39008
P38859	P26793
P07273	P46970
P04050	P07273
P32521	P39013
P32790	P39013
Q12518	P32521
P11433	P21268
P21268	P20437
P13365	P21268
P18851	P21268
P09032	P20459
P20459	P32501
P09032	P09064
P09064	P32501
P41895	Q03254
P20081	Q03973
P20081	P38904
P20081	P32600
P04386	P19659
Q12321	P19659
P19659	Q12124
Q12343	P19659
P38782	P19659
Q08278	P19659
P38304	P19659
P40356	P19659
P19263	P19659
P19659	P25046
P32259	P19659
P34162	P19659
P32569	P19659
P32585	P19659
P47822	P19659
P25648	P19659
P04050	P19659
P36100	P19659
P36145	P19659
P06784	P23201
P06784	Q06160
P52488	Q06624
P16649	P16649
P09733	P02557
P09733	P11709
P09733	P40013
P09733	P39937
P46954	Q04739
P09032	P12754
P09032	P32501
P32502	P09032
P09032	P14741
P32501	P12754
P32502	P32501
P14741	P32501
P33892	P43535
P15442	P15442
P02829	P15442
P32773	P32774
P32598	P41818
Q12315	Q02629
P49686	Q12315
Q12315	P20449
Q04839	Q12315
P40477	Q12315
P39936	P07260
P23202	P18494
P08539	P10592
P08539	P11972
P08539	P23561
Q12018	P24814
Q08273	P24814
P32835	P33307
Q02821	P32835
P32835	Q08162
P32835	P40069
P32835	P33418
P32835	P52918
P32835	Q99189
P32835	P14907
P32835	P32499
P32835	P07270
P32835	P32337
P32835	P21827
P12351	P12351
Q02516	P14064
P02309	P80428
P02303	P02309
P02309	P04911
P02293	P02309
P02309	Q03330
P02309	Q12341
P02309	P39984
P02309	P16649
P02303	P80428
P02303	P04911
P02293	P02303
P02303	P16649
P02293	P04911
P04911	P80428
P02293	P80428
P02293	P18480
P18480	P32479
P18480	P32480
P32485	Q03213
P32485	P08018
P23561	P32485
P32485	P29461
Q00772	P29461
Q00772	P40048
P16892	P40048
P20050	P20050
P20050	P14291
Q99383	P38217
Q99383	P30771
Q99383	P25298
Q99383	P25299
P10961	P28006
P38229	P28006
P32598	P28006
P40460	Q04477
P38229	P40036
P32598	P40036
P26570	P40036
P32598	P14291
P07278	P32598
P32598	P38232
P32598	P36047
P32790	P32598
Q12411	P32598
P05453	P32790
P31539	P31539
P02829	P06101
P32854	P02829
P02829	P15705
P25344	Q04477
P04807	P04807
P32917	P38229
P32917	P32634
P32917	P32917
P25344	P32917
P32917	P53298
P18851	P11433
P18851	P40528
P13574	Q03063
P23561	P41697
P08518	Q06706
Q06706	Q02908
Q06706	P42935
P16370	Q06706
P20433	Q06706
P20434	Q06706
P04050	Q06706
P20435	Q06706
P21190	P21190
P38696	P36224
P33420	P36224
Q05166	Q06142
P32836	Q06142
Q06142	P40457
P33331	Q06142
Q02629	Q06142
Q06142	Q02630
P49687	Q06142
P20676	Q06142
P48837	Q06142
Q06142	P10863
P38129	Q12030
P09959	P39678
P12385	P30771
P05453	P30771
P16474	P16474
P16474	P01149
P16474	P00729
P16474	P25303
P16474	P14906
P17119	Q12045
P08518	P06242
P04050	P06242
P06242	Q03290
P14681	Q03063
P14681	Q03373
P14681	P39016
P16892	P39016
P39016	P11972
P21374	Q08963
P40567	Q08963
P08638	P08638
P11914	P10507
P39678	P38889
P11746	P11746
P11746	P07249
P11746	P05085
P11746	P07250
P05085	P07249
P07250	P07249
P39001	P07249
P39001	P05085
P29469	Q08032
P29469	P29496
P32354	P29469
P29469	P29469
P29469	P24279
Q08032	P24279
P29496	P24279
P32354	P24279
P24279	P24279
P32354	P38132
P32354	P30665
P39014	P32944
P39014	P32389
Q12018	P39014
P32389	P40573
P32389	Q12041
P35191	P38523
P38523	P38523
P06782	P27705
P24583	P32490
Q00772	P32490
P23201	P32491
P32491	Q06160
P38920	Q07980
P38920	Q12083
P38920	P25847
P38920	P14242
P38920	P15873
Q07980	P15873
P13393	P32333
P32829	P32829
P32829	P12753
P32829	P33301
P28707	P15705
P32830	Q12328
P25847	P39875
P25847	P14242
P25847	P25336
P25847	Q03834
P06838	P25847
P28519	P25847
P25847	P06777
P25847	P06839
Q00578	P25847
P25336	Q03834
Q12175	P40965
Q12186	P33334
P07270	P52918
P27705	P52918
P34077	P52918
P52918	Q02630
P52918	P36161
P52918	P49687
P52918	P52593
P20676	P52918
P32499	P52918
P40368	P52918
P52918	P52891
P14908	P13433
P08964	P08964
P23561	P15108
P23201	P23561
P23561	Q06160
P23561	P23561
P06782	Q02794
P13393	Q02794
P35179	P32915
P14922	Q03125
P06839	Q04673
Q04673	Q04673
P32776	Q04673
P30771	P30771
P30771	P24783
P53550	P30771
P38798	P30771
P38861	P30771
P30771	Q12129
P46970	P30771
Q00916	P30771
P48412	P30771
P38757	P18410
P34162	P32494
P32569	P32494
P47822	P32494
P32494	P46677
P34077	P40457
P34077	P14907
Q02199	P34077
P34077	P48837
P34077	P52593
P34077	P47054
P34077	P39685
P34077	P32337
P38798	P14291
P38798	P53628
P38798	P38904
P38346	P38798
P36103	P38798
P06102	Q12514
Q02199	P14907
P33418	P14907
P14907	P33331
P40368	P14907
P14907	P32337
P14907	P46674
P14907	Q04175
P32836	P33331
P49687	P33331
P20676	P33331
P32499	P33331
Q02821	P33331
P32380	P33419
P32380	P36094
P36094	P53865
P33419	P36094
P53865	P32336
P20676	P38217
P20676	P32767
P20676	Q99189
P20676	P33420
P20676	P46970
P20676	P38181
P20676	P40368
P20676	Q04175
P20676	P32337
P32836	P32767
P32499	P32767
P32773	P32767
P32774	P32767
P12398	P39515
P12398	P32897
P12398	P35191
P10591	Q99189
P40477	P20449
P40477	Q99189
P40477	P46970
P40368	P40477
Q04175	P40477
P17555	P39743
P49686	P40066
P38217	P49686
P49686	Q99189
Q02630	P40066
Q02821	P49686
Q02821	P40066
P48837	P38217
P48837	P40069
P48837	Q99189
P40064	P40368
P40368	P38181
Q02821	P33307
P41920	P21827
P13393	P06844
P16522	P06843
P39955	P06843
P06843	P06843
P13393	P38129
P38129	P53040
P38129	Q05027
P13393	P03069
P54784	P32833
P54784	P54790
P54784	P54791
P54784	P50874
P54784	P38826
P54784	P21691
P54786	P54784
P32833	P54790
P32833	P54791
P32833	P50874
P32833	P38826
P54790	P54791
P54790	P50874
P54790	P38826
P54791	P50874
P54791	P38826
P50874	P38826
P41543	P46964
P41543	P48439
P41543	Q92316
P41543	P39007
P41543	Q02795
P33767	P41543
P46964	P48439
P46964	Q92316
P46964	P39007
P46964	Q02795
P33767	P46964
P48439	Q92316
P48439	P39007
P48439	Q02795
P33767	P48439
Q92316	P39007
Q92316	Q02795
P33767	Q92316
P33767	Q02795
Q00723	P38282
P34162	P38129
P39723	P46675
P23201	P41832
P23201	P41697
P23201	P40091
P32486	P04147
P04147	P53297
P39081	P04147
P25298	P04147
P25299	P04147
P24583	P04147
P04147	P39715
P32521	P53010
P32790	P32521
P45976	P29468
P53044	P29468
P29468	Q06632
P29468	Q12102
P29468	Q01329
P29468	Q06224
Q06102	P29468
P13393	P32773
P29055	P32773
P13393	P32774
P29055	P32774
P12904	P32578
P22082	P38956
P22082	P32591
P23561	P08018
P08018	P40073
P39081	P39081
P53112	P80667
P80667	P40155
P80667	P35056
P39108	P80667
P53112	P40155
P53112	P35056
P39108	P53112
P40155	P35056
P39108	P40155
Q07418	P32796
Q07418	P28795
P35056	P32796
P39108	P35056
P35056	P53248
P07270	P20052
P29055	P07270
Q00772	Q12224
P23201	Q00772
P33338	P33338
P53858	P34226
P34226	P29465
P52286	Q08273
P11978	Q08562
P11978	P32807
P06701	P06779
P22579	P32561
P22579	P42845
P22579	Q12427
P22579	P50104
P22579	P38699
P22579	P36085
Q01590	P38736
P33754	P39742
P14906	P39742
P33754	P14906
P39958	P07560
P07560	P17065
P40357	P32602
P32854	P18759
P30619	P53604
P15108	P28707
P32607	P38165
P11433	P13856
P39940	P48524
P40992	P53437
P13393	P53437
Q01939	P53549
P04050	P32783
P04050	Q06697
P04050	P38351
P04050	P36145
P10622	P17079
P05318	P17079
P41805	P35184
P08518	P20433
P08518	P20434
P20433	P16370
P20433	P20434
P20433	P04050
Q99176	P11745
Q00764	P43565
P06780	P24583
P06780	Q12434
P06780	P38889
P06778	P22336
P32598	Q00816
P14291	P14291
P11938	P07261
P11938	Q12329
P22216	P14737
P31244	P06779
P14736	P06779
P06104	P19812
P06778	P06778
P06778	P26754
P06778	P26755
P25454	P25454
Q00578	P06839
P06838	P06777
P28519	P06777
P32337	Q02629
P32337	Q02630
P32337	P49687
Q03790	P32337
P06103	P40217
Q04067	P06103
P36084	Q07350
P26570	P36024
P39008	P31384
P47110	P15436
P47110	P46957
P47110	P13382
P15873	P47110
P15873	P38630
P15873	P40348
P15873	P38629
P15873	P40339
P15873	P38251
P21951	P24482
P21951	P21951
P13382	P21951
P21951	P10363
P21951	P20457
P13382	P38121
P12398	P12398
P39515	P32897
Q01852	P32897
P49334	P35180
P35180	P23644
P39515	P23644
P39515	P49334
P25644	P47017
P47017	Q06406
P36048	P47017
P47017	P53893
P47017	P48582
P38203	P25644
P38203	P49960
P40070	P25644
P47017	P57743
P38203	P57743
P25644	P57743
P47093	P57743
P48582	P57743
P40070	Q12517
P25644	P40089
P40070	P40089
P47017	P40089
P40089	Q06217
P40089	P57743
P40089	P49960
P25644	Q06406
P47093	Q06406
Q06406	P57743
Q06406	P53905
P25644	P53905
P53905	P57743
P53905	P49960
P53905	P20053
P47093	P49960
P47093	P20053
P25644	P53550
P39998	P39998
P32381	P47117
P38328	P47117
Q12446	P47117
P04050	P39940
P15891	P48562
P15891	Q12134
P17555	P46680
P29366	P22224
P29366	P32944
P29366	P32618
P29366	P53280
P48562	P32873
P39011	P32458
P32468	P39011
Q04921	P39011
P54786	P38041
P39969	P48562
P39969	P32864
P39969	P21339
P39969	P40077
P20438	P33314
P13517	P28495
Q06648	P28495
P32468	P32458
P32468	P32468
P32468	P38272
P11433	Q05785
P11433	P32944
P11433	P50078
P11433	P40507
P00546	P13365
P00546	P40038
P00546	P40186
P00546	P42845
P38147	P53857
P15790	P19454
P38930	P43639
P32468	P48562
P48562	Q02629
P13185	P30283
Q08729	P30283
Q06440	Q03088
P53933	Q06440
P39011	P38785
P32468	P38785
P38785	P48562
P38785	Q05031
P38785	Q06648
P25344	P38785
P38785	P25651
P38785	P36080
P38785	P54786
P32468	Q06648
P48562	Q06648
P25344	Q06648
P25651	Q06648
Q06648	P36080
P54786	Q06648
P39743	P40956
P40956	P38867
P40956	P40473
P32793	P40956
P53933	P38274
P14681	P05085
P39743	Q12446
Q12446	P38837
Q12446	Q12270
Q02574	Q03818
Q02574	P32776
Q02574	Q06005
P53858	P32334
P32334	P48562
P23201	P48566
P07274	P17555
P30656	P22141
P30657	P22141
P21242	P40302
P32379	P21242
P21242	Q03792
P21242	P21243
P32911	P21242
P21242	Q08018
P38624	P30656
P30656	P30657
P30656	P38293
P38624	Q06624
P38624	P25043
P40013	P30657
P40064	P30657
P38346	P30657
P30657	P53243
P30657	P53851
P40555	P23724
Q02199	P23639
P25043	P23639
P32911	P23638
P15938	P35194
P15938	P53295
P25451	P25043
P39944	P25043
P06777	Q05471
P32628	P04838
P40164	P22216
P39083	P48562
P39083	Q06648
P06780	P39083
P32523	Q06091
P32523	P38302
P32523	P32523
Q03654	Q03654
P32628	P38764
P32911	P38764
P38764	P36003
Q12250	Q12505
P43563	P53549
P53549	Q03656
P53549	P33297
P39011	P13856
P39743	Q12168
P39743	P39743
P39743	P38266
P39743	P40325
P39743	P47129
P39743	Q04322
P39743	P48232
P39743	P53933
P21243	P38293
P23542	P23542
P06786	P35187
P31244	P35187
P35187	P13099
P53091	Q03656
P32790	P32525
P32790	P14359
P32790	Q06604
P33338	P48562
P33338	P53933
P33338	Q12134
P33338	P32793
P23287	P25343
P23287	P39743
P35198	P25343
P39743	P35198
P25343	P47152
P39743	P47152
P33200	P25343
P39743	P33200
P25343	Q05670
P39743	P53169
P25343	Q04175
P39743	Q06673
P39743	Q03018
P39743	P19658
P39743	P32337
P39743	P32767
P39743	P40079
P39743	P39112
P39743	Q04149
P39743	P32074
P39743	P32855
P39743	Q12034
P39743	P39928
P39743	P20424
Q05785	P38163
P22209	P38163
P33420	P38163
P07278	P38163
P53039	P38163
P53933	P38163
Q08601	P38163
P17555	P38793
P38862	P39926
P39743	Q06339
P39743	P28274
P39743	P25370
P39743	Q04934
P39743	Q08923
P25343	P53933
Q12446	P25343
P53933	P32944
P25343	Q04322
P25343	O14455
P39743	O14455
P53081	P38987
P54786	P48562
P54786	Q01684
P54786	P39703
P39992	P54786
P54786	P36080
P54786	P54786
P39723	P30822
P30822	P38200
P30822	P38329
P30822	Q04934
P30822	Q04377
P30822	P32618
P30822	P38817
P30822	P38691
P30822	P47166
P30822	P40355
P30822	P20457
P21192	P30822
Q03220	P30822
P30822	Q03735
P30822	P39523
P30822	P40167
P30822	Q08886
P30822	Q02948
P30822	Q07619
P30822	Q12390
P53550	P30822
P32908	P32908
P32908	P38989
P32908	P53253
Q04477	P40014
Q08581	Q08581
Q08581	P38989
Q06440	Q06440
P38853	P38853
P38853	P36022
P38853	P39946
Q06407	Q06407
P33419	P38989
P33895	P27895
P32908	P53278
P32908	P47037
P38989	P47037
P47037	P47037
P47037	Q12267
P32458	Q02732
P53253	Q12267
P39013	P12753
P17119	P33895
P40460	P33895
Q12263	P32457
P32457	P34244
P26448	P32457
P54786	P21691
P07251	P32453
P07251	P22135
P07251	P00830
P00830	P00830
P07251	P81449
P07251	Q12349
P07251	P21306
P07251	Q12165
P07251	Q06405
P07251	P81450
Q12233	P07251
P07251	P38077
P07251	P05626
P07251	P09457
P07251	P00854
P07251	P30902
P07251	P00841
P01097	P07251
P00830	Q12349
P00830	P21306
P00830	Q12165
P00830	Q06405
P00830	P81450
Q12233	P00830
P00830	P38077
P00830	P05626
P00830	P09457
P00830	P00854
P00830	P30902
P00830	P00841
P01097	P00830
P00830	P81449
P81450	P00854
Q06405	P00854
P09457	P00854
P00854	P30902
Q06405	P30902
P81450	P30902
P09457	P30902
P32453	P00830
Q06405	P81450
Q12233	P81450
Q04048	P28004
Q06137	P28004
P22209	P22209
P49687	P32328
P40016	Q06103
Q03973	P39521
P41808	P07257
P32838	Q12199
Q12199	P23594
P36000	Q12028
P37366	Q03290
P46680	Q08979
P16892	Q03373
P16892	P38860
P16892	Q03063
P07256	P07257
P32854	P32602
Q12447	P34221
Q12265	P38063
P29295	Q12517
Q08951	P47064
P38615	Q99299
P32854	Q12417
P28004	Q12417
Q02895	Q02895
P46961	P40319
Q12033	P52917
Q12033	P39929
P39946	P33401
P24869	Q08729
Q12446	P42951
Q05871	Q08558
P12611	Q07800
P40507	P53632
P53100	Q12469
P38629	P40339
Q12118	P22517
P27515	P27515
P33760	P24004
P11938	Q06208
P40164	P38193
Q02821	Q02555
Q02821	P32263
Q02821	P41940
Q05080	P53901
P53965	P50946
P38615	P53939
P53941	P47083
P15303	P53953
P53271	P53959
P28241	P28834
Q02199	P36224
Q03654	Q04048
P16861	P16862
Q12380	Q03818
Q03790	Q03790
Q08920	P34160
Q03148	P43545
P21242	Q02630
Q02630	P25043
P36224	Q02630
Q02630	P23639
P19880	Q02630
Q02629	Q02630
P35727	Q02630
P40368	Q02630
P38749	Q02630
P45819	Q02630
Q03407	Q02630
Q02630	P24813
P39001	Q02630
Q07418	Q02630
Q02630	P25333
Q02630	P38315
P54786	Q00362
Q04226	P11747
P00812	P38987
P38987	Q07993
P14904	P38987
P38987	P36010
P38987	P38821
P38987	P38716
Q06208	P35842
Q06410	P53877
Q06410	Q06410
O13563	P32565
Q06142	P38697
Q06169	Q06169
P32502	Q02866
P32502	P14741
P32502	P12754
P05317	Q05881
Q05871	P53112
Q04491	P49687
Q04491	P38968
P53919	P33322
Q06245	P22224
Q07993	Q07993
Q01590	P22213
P27351	P07272
P53973	P26343
Q12199	P36123
Q02205	P53290
P32861	P32861
P28496	Q03579
Q12469	P38237
P38080	P38080
P40348	P38251
P38262	P25298
P38266	P53281
P32944	P38274
P20486	P24871
P33755	P25694
P27796	P38123
Q02629	P38315
P19880	P38315
P38316	Q06410
P38316	Q03818
P32864	P38146
P46682	P38153
P17709	P17709
P43609	P25632
P53124	P06242
P49687	P52891
P38627	P38627
P47135	P32491
P53740	P47135
P47135	P18961
P47135	P38623
P47135	P32581
P47135	P45818
P47135	P25656
P25644	P39517
P39998	P39517
Q05946	Q12055
Q07622	P53238
P53919	P32495
Q12310	P39968
P35197	P12688
P39734	Q07732
Q12300	P40971
P40971	Q07787
P40971	P39004
Q03940	Q12464
Q03455	P53735
P32776	P38821
P52286	P42843
P52918	Q02629
Q06408	Q12691
P47057	Q04053
P20053	Q03338
P33420	P40960
Q03407	Q12230
Q12154	P17695
Q00245	P39994
P32569	P07249
P11746	P32569
P32569	Q08278
P39004	P39101
P39706	P40054
P38147	P40054
P39517	P40054
P40054	P15424
Q04412	P40054
P40956	P40054
P40054	P40529
Q08911	P40054
P38620	P32895
P53271	P40094
P27472	P23337
P43609	Q06168
P19262	P19955
Q05027	P53040
P33891	P53847
P53104	P46963
P40956	P25382
P53093	P53039
Q02793	P38080
P06774	Q06410
Q12402	P53203
P33203	P53207
P53244	P39940
P48361	P48361
P53267	Q12248
P48837	Q07418
P48837	P45819
P48837	P35727
P48837	P38615
P48837	P36224
Q03768	P53295
P46949	P38339
P30822	Q02629
P39729	P53316
P38753	P40325
P28496	P38703
Q00772	Q99260
P23285	Q12154
P15303	P38810
P38692	P32464
P32468	Q07657
P38822	P16658
P38822	P23639
P39014	P53877
Q06324	P40186
Q08956	P41277
P40510	P40510
P40484	P53894
P15303	P40482
P27472	P47011
P16649	P53973
P06700	Q00684
P06700	P53628
P06700	P06700
P06700	P54786
P06701	P54786
P11978	P54786
P04387	P13045
P04387	P04387
P04386	P29055
P29055	P21192
P04386	Q06630
Q01939	P38764
P38764	P33299
P19812	P33299
Q01939	P19812
P19812	P32565
Q12280	P38987
P38987	P27636
P22204	P27636
P38274	P34244
P38274	P38274
Q03497	P38274
P25389	P32457
P25342	P25389
P32458	P25389
P32468	P25389
P25293	P53313
P25293	P52919
P25293	Q12163
P25293	Q12263
P11978	P21691
P40957	P40958
P00546	P48562
P32639	P15938
P32639	Q12420
P32639	P33334
P53742	P33334
P53742	Q12420
P32639	P53742
P39682	P33334
P32639	Q02875
Q02775	P32639
Q02775	P24384
Q12186	P33203
Q03654	P53277
Q03654	P21374
P21374	P21374
Q03654	Q12309
P53277	Q12309
P21374	Q12309
Q06628	P39968
P53104	Q06410
P53104	Q12527
P38182	P53867
P53867	P02557
P38182	P22804
P38862	P38862
P29366	P19073
P26309	P47074
P26449	P47074
Q03497	P34730
P21705	P21657
P08679	P17505
P23287	P53968
P38147	P40316
Q12018	Q08273
Q08273	P07834
P41832	Q05080
P40450	Q05080
P21951	Q04603
P60010	P17536
P24869	P25293
P38889	P53968
P23287	P38889
P14922	P53032
Q00916	P33334
Q00916	P38261
P04386	P53549
P04386	Q02516
P04386	P27351
P04386	P53040
P33767	P24583
P24583	Q02795
P24583	P39007
P24583	P41543
P32628	Q02890
P06780	P38631
P06780	P35688
P17121	P06780
P06780	P51862
P54867	P51862
P51862	P36027
P39011	P06781
Q00245	P38339
Q00246	P38339
P06787	P39563
P06787	P00817
P06787	P38232
P06787	P15807
P06787	P38138
P06787	P42073
P06787	Q04935
P06787	P32916
P06787	P32263
P06787	P40965
P06787	P32450
P06787	P43588
P06787	P43622
P06787	P53167
P06787	P53036
P06787	P53221
P06787	P53231
P06787	P32318
P06787	P32379
P06787	P18962
Q03558	P06787
P06787	P16370
P06787	P05375
P06787	P34240
P06787	P36121
P06787	Q12473
P06787	Q06200
P06787	Q03691
P06787	P53616
P06787	P17536
P06787	P32573
P06787	Q12243
P06787	Q02516
P06787	P32492
P38272	P32492
P36068	P38272
P36068	P32492
P06787	Q04792
P32566	P36421
P15891	P53933
Q06410	P06781
P32873	P50111
P54786	P32873
Q03497	P38041
P38041	P40077
Q03497	P39969
P32458	Q12216
Q03497	P11433
P19454	Q00245
P38785	P38785
P38785	P50111
Q06648	P50111
P08964	P41901
P08964	Q06580
P33420	P06781
P32790	P39743
P39743	P33338
P39743	Q12134
P39743	Q06604
P39743	P32793
P32790	P40325
P32900	P50111
P54786	P32900
P54786	P50111
P24719	P32598
P32628	P28519
P32628	P32776
Q00578	P32628
P31244	P14164
Q00578	Q02939
Q03290	P06839
Q00578	Q12004
P38265	P38907
P48581	P48581
Q02821	P18494
P23202	P32600
P32600	P18494
P35169	P26343
P35169	P21657
P35169	P21705
P35169	P43574
P35169	P42944
Q12018	P14682
P40087	P32628
P32628	P32628
P40087	P04838
P32598	P31377
P26570	P34758
P26570	P40328
P41832	P02994
P13393	Q01939
P38147	P34218
P38147	P38147
P33204	P36006
P38328	P36006
Q12446	P36006
P27472	P28006
Q02100	P32485
P14922	Q02100
P16649	Q02100
P53150	Q08387
Q02825	P16658
P39707	Q04675
P39707	Q02825
Q02825	Q04675
P16658	Q04675
P39707	P16658
P17157	P24867
P17157	P47821
P17157	P20437
P17157	P38794
P17157	P37366
P38811	P38915
P87108	O74700
P18239	O74700
P38991	P38283
P22082	P32479
P32479	P32591
P32480	P32591
P22082	P32480
P32803	Q05359
P54837	Q05359
Q05359	P39704
P02557	P48606
P02557	P40987
P39937	P40987
P32897	P00175
P38251	P32641
P40348	P32641
P20606	P06775
P20606	P32803
P20606	P22214
P20606	P01149
P15303	P01149
P40482	P01149
P40541	Q12158
P32908	P40541
P47037	P40541
Q04002	P40541
Q04002	Q12158
P32908	Q12158
P47037	Q12158
Q04002	P40090
P36149	Q03784
P36149	Q99394
Q03322	P32602
P32602	Q08144
Q01590	P32602
Q03322	Q04338
Q04338	Q01590
Q03322	P31109
P22214	Q01590
Q01590	P43682
Q12241	Q04338
P38968	P48415
P15303	P38968
P40482	P38968
Q06632	P42841
Q06224	P42841
P29468	P42841
P45976	P42841
Q06102	P42841
P25298	P42841
P49686	P34216
P49686	P46673
P49687	P49686
P49686	Q03862
P49686	P06634
Q02630	P39705
P52918	P49686
P49686	P36161
P49686	P40069
P49686	P35729
P32499	P49686
P49686	Q06142
P49686	P52891
P10591	P49686
P49686	Q02892
P04147	P49686
P32505	P49686
P49686	P53953
P15303	P49686
P49686	P11745
P02994	P49686
Q02199	P52918
Q02199	P36161
Q02199	P40069
Q02199	P32337
Q02199	Q02932
Q02199	P35729
Q02199	P32499
Q02199	Q06142
Q02199	P46673
Q02199	P49687
Q02199	P52891
Q02199	P10592
Q02199	P04147
Q02199	Q02821
P48837	P52918
P48837	P36161
P48837	Q04175
P48837	P31539
P48837	P35729
P32499	P48837
P48837	P46673
P48837	P49687
P48837	P52891
P48837	P10592
P48837	P04147
Q02821	P48837
P48837	Q02932
Q02629	P52593
Q02629	P36161
Q02629	P40069
Q02629	P53840
Q04175	Q02629
Q02629	P35729
P32367	Q02629
P32499	Q02629
P38217	Q02629
Q02629	P38989
Q02629	P46673
P49687	Q02629
Q02629	P52891
Q02629	Q02892
P10592	Q02629
Q99383	Q02629
P04147	Q02629
Q02629	Q03862
Q02629	Q99257
Q02821	Q02629
Q02629	P38181
Q02629	Q02932
Q02630	P36161
P40069	Q02630
P30822	Q02630
Q02630	Q08287
Q04175	Q02630
P31539	Q02630
Q02630	P32767
Q02630	Q02932
Q99189	Q02630
P38217	Q02630
P32499	Q02630
Q02630	P46673
Q02630	P52891
P10592	Q02630
Q99383	Q02630
P04147	Q02630
P53236	Q02630
Q02821	Q02630
P15303	Q02630
P40069	P39705
P32499	P39705
P32324	P39705
Q06142	P39705
P11484	P39705
P04147	P39705
Q02821	P39705
P32499	P32324
P32499	Q06142
P32499	P11484
P32499	P04147
P20676	P32324
P20676	P11484
P20676	P04147
P38261	P32855
P89102	P38261
Q06245	P38261
P13393	P29055
Q12517	P47017
Q12517	P57743
Q12517	P40089
Q12517	Q06406
Q12517	P53905
Q99176	P25604
P25604	Q02767
P04838	P27614
P04838	P25604
P04838	Q02767
P27614	P25604
P52490	P53152
P52490	P32849
P32849	P32849
P10862	P32849
P10862	P10862
P10862	P52490
P40517	P21827
P25342	P32457
P32458	P32457
P32468	P32457
P25342	P32468
P25342	P32458
P38881	P39968
P39968	P40003
P33334	P57743
P32639	P57743
P22147	P57743
P36048	P57743
P57743	P49704
P57743	Q03338
P57743	P20053
P49960	P57743
P40018	P57743
P40070	P57743
P47093	P33334
P32639	P47093
P36048	P47093
P47093	P19735
P47093	Q12420
P47093	P49704
P47093	Q03338
P47093	P53905
P43321	P47093
P22147	P25644
P47017	P53905
Q04338	P32602
P15646	Q12499
P19073	Q12469
P41834	P28791
P33891	P41834
P22214	P41834
P22214	P28791
P22804	Q01590
P33313	P47103
P28007	P32495
P28007	Q6Q547
P15646	P25582
P25582	Q12499
P36123	P20604
P20604	P40856
P20604	P43612
P38228	Q00711
P38228	P21801
P38228	P33421
P34110	P38759
Q92331	P34110
P32913	P34110
Q92331	P38759
P34110	P40335
P38759	P40335
Q92331	P40335
P32913	P40335
Q92331	Q92331
P12398	P02829
P33313	P02829
P40079	Q08096
P15646	Q08096
P13382	Q01454
P13382	P10363
P13382	P32558
P13382	Q04636
P32558	Q04636
P40202	P00445
P40202	P40202
P24279	P38132
P29496	P38132
P00549	P21965
P39001	P21965
P49334	P23644
P32562	Q12158
P22216	P32447
P02303	P32447
Q01722	P07261
P38781	Q06639
Q00684	Q00684
P32569	P04386
P38877	P49956
P40339	P38877
P25559	P38877
P40348	P38877
P38629	P38877
P38251	P38877
P15891	P32381
P32381	P53731
P33204	P32381
P40518	P32381
P60010	P15891
P40482	P48415
P15303	P48415
P32776	P07276
Q00578	P07276
P06103	P40512
P40512	P38249
Q02100	Q02100
P22204	P31384
P39008	P22204
P26343	P26343
P42944	P26343
P60010	P39968
P31111	Q06032
P53061	Q06032
P25454	Q06032
P25301	Q06032
Q12175	Q06032
P32829	Q06032
P47027	P34252
P13393	P53067
P53070	P32559
Q08491	Q02793
Q08491	P35207
Q08491	P38792
Q08491	P46948
P38111	Q04377
Q06168	P32597
P23594	P38903
P40484	P54199
Q12328	P47045
P87108	P47045
Q08749	P47045
P32830	Q08749
P32830	P47045
Q08144	P33328
P32867	P30619
P40357	P30619
P40357	P33328
P40357	P22214
P32867	Q04359
Q04359	P33328
P32854	Q04359
P08964	Q12038
Q12306	Q06624
Q12306	P52488
Q07084	Q07688
P39928	Q07688
P39928	P39928
P40357	P38163
Q04338	P32319
Q12255	P38929
P38182	Q12255
Q12241	Q12255
P38182	Q12241
P32916	P36057
Q03322	Q08144
Q03322	P38932
Q04338	Q08144
P39904	P47061
P47061	Q12071
P39904	Q12071
Q04839	P49686
Q04839	P20449
P38811	P38806
P38806	Q08649
Q08649	P43572
P60010	Q08649
P80428	Q08649
P38811	P80428
P80428	P43572
P60010	P80428
P38811	Q08649
Q12432	Q08649
P38811	Q12432
P38853	P50090
P04786	P53840
P04786	Q02208
P43609	P43609
P43609	P32597
P32505	P38217
P38784	P32341
P38784	P32563
P32563	P32341
Q12241	P20795
Q12241	P27801
Q12241	P32602
P36015	P32602
P32912	Q04338
Q04338	Q12255
P18851	Q04004
P18851	Q12017
Q06704	Q06704
P36015	Q01590
P26309	P34244
P34244	P53197
Q05949	P23293
P32561	P38429
P04050	P32259
P47058	Q9URQ3
P36149	Q03630
P38863	P39723
P39723	P53540
P39723	P11927
P15436	P46957
P54861	P54861
P53168	P40079
P53168	P25043
P46681	P53168
P53168	P33299
P53168	P32610
P53168	P31385
P53168	P40564
P53168	Q03690
P53168	P40032
P53271	P53168
P53168	P53185
P04838	P54860
P20133	Q00618
P32912	Q12255
Q01217	P40360
P32908	P53632
P38989	P53632
P39743	Q12477
P38960	Q07921
P32797	Q07921
P32797	P17214
P32797	P13382
P06103	P41814
P50875	P06844
P35177	P50875
P50875	P38915
P13393	P50875
P15646	P37838
Q03063	P20438
Q03373	P20438
P06103	P38249
P09733	P38249
P33338	P38249
P54837	P32803
Q12255	P32602
P32494	Q03280
P25586	Q03280
P25586	P42846
P52960	P39720
P46954	P39073
P46954	P46954
P46954	P39113
P39113	P39113
P11746	P41813
P24869	P26309
P24869	P53197
Q00684	P47035
P06700	P47035
Q02931	P47035
P32803	P38968
Q04491	P32803
P40482	P32803
P15303	P32803
P54837	P38968
Q04491	P54837
P54837	P15303
P54837	P40482
P47821	P39073
P31384	P36130
P31384	P43569
P25655	P36130
P22204	P36130
P43569	P43569
P43569	P38931
P39008	P38931
P31384	P38931
P06100	P38931
P36130	P38931
P22204	P39073
P25655	P39073
P06100	P39073
P39073	P36130
P31384	P39073
P39073	P38931
P32569	P39073
P25655	P47821
P06100	P47821
P47821	P31384
P25655	P38931
P06782	P39073
P06782	P47821
P06782	P32259
P20134	P38931
P47821	P20134
P32259	P20134
P25046	P20134
P17891	Q06677
P43601	P38814
P38165	P43601
P25591	P43601
P43601	Q04958
P50277	P43601
Q12418	P43601
P14736	P43601
P47171	P43601
Q12030	Q12297
P35177	Q12030
Q12030	P48361
Q12030	P39001
Q12030	Q06108
Q12030	P40468
Q12030	P43565
Q12030	Q12224
Q12030	Q05958
P11938	Q12030
Q12030	Q03935
P24384	Q12030
Q12030	Q08685
Q12030	P33203
P35189	Q12297
P25655	P39008
P39008	P06102
P25655	P31384
P06100	P31384
P39008	P34909
P34909	P31384
P06100	P34909
P06100	Q12514
Q12514	P31384
P22138	P10964
P22138	P47035
P10964	P47035
P14680	P39008
P13393	P06100
P13393	Q12514
P38129	Q12514
Q03761	Q12514
P39685	P52593
P04386	P04386
P21965	P32504
P33322	P21965
P50623	P40969
P40969	P40969
P32569	P32585
P32585	P39073
P32585	P47821
P40217	P38249
Q04067	P38249
Q05775	P38249
P06103	Q05775
Q04067	Q05775
P38431	Q05775
P38431	P38249
P32911	P38249
P32911	Q05775
P06782	P38082
P06782	Q03125
P20052	P17442
P40186	P17442
P17157	P20052
P17157	P17442
Q02821	Q06142
P10591	Q06142
P32835	P39705
P21827	P39705
P32499	P21827
P20676	P21827
P38764	P25390
P33298	Q03656
Q01939	P33298
Q01939	P32911
Q12250	P32571
P38956	Q12250
P33298	Q04062
P32911	Q04062
P53243	Q04062
Q06708	Q04062
Q08723	P32496
P40302	Q07478
P23639	P23638
P25451	P30656
P30657	P47050
P40064	P23724
P23724	Q03465
P23724	P25390
P06780	P33332
P60010	P02994
P22082	P18480
P00044	P00431
Q12446	Q06449
Q12446	Q12446
Q12446	P25369
P33334	P00950
P33334	P53212
P33334	P40564
P33334	P38261
P33334	Q12151
Q04225	P14126
P53552	P17629
P33441	P53552
O13539	P53552
P33441	P17629
P15891	P40494
P38753	P36037
P40073	P13186
P15891	P53974
P15891	P50942
Q04439	P47068
P38041	P40095
Q12446	P38822
P38822	P36006
P53142	P38822
P41832	P36006
Q04439	Q04439
P39743	Q04439
Q04439	P40453
Q04439	Q01389
P24583	P40073
P53142	P43603
P40325	P43603
Q12446	P43603
P38753	Q04439
P38753	Q06604
P32793	Q04322
P53933	P32793
Q12134	P32793
P32793	Q06604
P32793	P41544
P53933	Q06449
P24583	Q06449
Q04322	Q06449
P40483	Q06449
O14455	Q06449
P04838	Q06449
P40303	Q06449
P40016	P32496
Q12250	Q12377
Q08723	Q12250
Q12250	Q04062
P43588	Q12250
Q08723	Q04062
P43588	Q04062
P33301	P53150
P12753	P33301
P40963	Q04003
Q99314	P40963
Q99314	Q04003
P32447	Q04003
P32447	P40963
P32447	Q99314
P32479	P32447
Q06096	P40094
P35210	P35210
P35210	P39940
P53044	P25694
P04838	P25694
P10591	P25294
P32790	P40494
P32521	P40494
P33339	P46678
P53847	P43621
P31384	P53280
P53829	P31384
P25655	P53829
P53829	P06102
P53829	P53280
P53829	Q12514
P53829	P34909
P39008	P53829
P06100	P53829
P25655	P53280
P06102	P53280
P53829	P22204
P53829	P38931
P34909	P53280
Q12514	P53280
P47166	Q99260
P53258	Q99260
Q99260	P47061
Q99260	Q12071
P39904	Q99260
Q03322	Q12071
P15891	P47117
P15891	P39004
P16649	P15891
P15891	P32793
Q08951	P38153
Q05933	P38328
P33204	P38328
P38328	P53731
P41832	P32381
P32381	P38132
P32381	P30665
P32381	P32528
P32381	P14742
P32381	P32767
P53549	P32381
P32381	Q03940
P53131	P38011
Q12460	P38011
P48234	P38011
Q12494	P29311
P34730	Q12734
P00331	Q08004
Q03048	Q08004
Q08004	P14832
Q08004	P53961
P02309	Q08004
Q03973	Q08004
P02294	Q08004
P23301	Q08004
P38203	Q08004
Q08004	P40513
Q08004	P17505
Q08004	P32787
Q03558	Q08004
Q08004	P36008
P35194	Q08004
Q08004	P28817
Q08004	P43584
Q08004	P38779
Q08004	P40563
Q07915	Q08004
Q02608	Q08004
P32794	Q08004
P38783	Q08004
P04911	Q08004
P40078	Q08004
Q08004	P33399
P38861	Q08004
Q02892	Q08004
Q08004	Q08208
P53883	Q08004
Q08004	P53131
Q08004	Q04373
P21304	Q08004
Q08004	Q03976
Q08004	P40496
P38194	Q08004
Q08004	Q03862
Q08004	P40010
Q08004	P53163
Q08004	P53261
P38883	Q08004
Q08004	P47019
P53323	P32642
P53323	P50094
P38077	P36130
P39076	P36130
P36130	P39077
P40413	P36130
P36130	P39079
P12612	P36130
Q12460	P33322
P32381	P53894
P53894	P39987
P08431	P53894
P43563	P53894
P09232	P53894
Q12118	P53894
P25294	P53894
P39076	P16658
P25342	P46672
P25342	Q07657
P32458	P38764
P39936	P32458
P32458	P06786
P32458	P38690
P32468	P11154
P32468	P38784
P32468	P46655
P32468	P35691
P17255	P27636
P26309	P39076
P26309	P39077
P26309	P40413
P26309	P32491
P26309	P12612
P00546	P38764
P00546	P12612
P23542	P32457
P32457	P13663
P32457	Q07657
P19073	P00331
P32562	Q06142
P32562	P53883
Q02821	P32562
Q12018	P38352
Q12018	Q06479
Q00362	P39076
Q00362	P39077
P40413	Q00362
Q00362	P39079
Q00362	P12612
P31383	Q00362
P06243	Q12335
P06243	P20606
P06243	P41811
P06243	P15705
P06243	Q07471
P06243	P04838
P04819	P39987
P39076	P53197
P53197	P39077
P00546	P53197
P38147	P14742
P15790	P07278
P15790	Q12389
P15790	P24783
P15790	Q04660
P15790	Q03532
P15790	P02309
P15790	P02303
P15790	P04911
P15790	P02294
P15790	P53914
P15790	Q08208
P15790	P37838
P15790	P21304
P15790	P32432
P15790	P39935
P15790	P40010
P15790	P53142
P15790	P53254
P15790	Q12159
P20486	P30283
P20486	P20437
P06787	P14832
P06787	P34216
P06787	P53834
P06787	P23301
P06787	P53141
P06787	P36006
P06787	Q12335
P06787	P38272
P06787	P51534
P06787	P22515
P06787	P36010
P07248	P53622
P53622	P38077
P53622	P46956
P09232	P53622
P53622	P43621
P32074	P53622
P53622	P41810
P53622	P41811
P53622	P40509
P53691	P29509
P02309	Q03957
P38922	Q03957
P53914	Q03957
P32432	Q03957
P20604	Q03957
P08678	P22204
P22204	P30624
P22204	P06738
P33298	P22204
P33297	P22204
P22204	P41811
P17255	P22204
P47122	P22204
P38879	P32328
P06738	P32328
P32328	P28241
P40484	P32328
P07991	P38719
P38719	P27636
P38719	P53978
Q03558	P38719
P38719	P41810
P10081	P38719
P52286	Q08496
Q02821	P47027
P15790	P34252
P40513	P34252
Q02821	P34252
P32601	P01123
P07260	P39009
P39009	P14832
P39009	Q12449
Q05016	P39009
P53861	P50094
Q12230	P53861
P17255	P32801
Q02908	P42935
P42935	P46974
Q04660	P19414
Q04660	P39079
Q04660	Q00684
P38879	Q04660
Q04660	P38720
Q04660	Q03532
Q04660	P39004
Q04660	P05694
Q04660	P33201
Q04660	Q03162
Q02892	Q04660
Q04660	P53131
Q04660	P39954
P40075	Q04660
Q04660	P07283
Q04660	P25808
Q04660	Q05931
Q04660	Q12522
Q04660	Q07963
Q04660	P40010
Q04660	P53136
P46655	Q04660
Q04660	Q07896
Q04660	P39744
Q04660	Q12024
Q04660	Q08235
Q04660	P36049
Q04660	P23776
Q06205	Q04660
Q04660	P40991
Q04660	P53191
Q04660	P40693
Q04660	Q08975
Q04031	Q04660
Q04660	P40007
Q04660	P53261
Q04660	P38779
Q04660	P53927
P53971	P20081
P21268	P53599
P20081	P40457
P20081	P38788
P39729	P10081
P06738	P31374
Q03940	P31374
P31374	Q08217
P50095	P25555
P25555	Q07478
P09032	P32481
P14741	P12754
P14741	P32481
P14741	P00931
P14741	P47122
Q03330	P35177
Q03330	P53040
P39958	P23561
P39958	P36017
P39958	P38146
P39958	P51996
P39958	P36018
P39958	Q99260
P39958	P32939
P32598	Q06632
Q06205	P32598
P32598	P06738
P32598	P23337
P27472	P32598
P32598	P38853
P32598	P17505
P32598	P38911
P32598	P43587
P32598	Q12276
P32598	Q12024
P41818	P33329
P19657	P10823
P46655	P10823
P32835	P32836
P32835	P10869
P38970	P30606
Q12341	P39984
P32485	P38623
P53599	P17629
P12954	P39009
P29295	P07991
P29295	P32582
P29295	P53550
P29295	P34216
P29295	P38879
P29295	P38333
P29295	P06738
P29295	P02309
P29295	P39004
P29295	P23301
P29295	P53094
P29295	Q03558
P29295	P38089
P29295	Q02773
P29295	P40856
P29295	P15303
P29295	P38810
P29295	P47166
P29295	Q07381
P29295	P39998
P29295	P40010
P29295	P40160
P29295	Q12230
P29295	P19454
P29295	P32598
Q08273	P47050
Q99181	P32657
P04911	P22276
P04911	P32558
P04911	Q05946
P39076	P32581
P12612	P32581
P13902	P32337
P38144	Q08773
P32835	P38217
P38217	P04912
P38217	P53549
P14747	P13186
P13186	P38774
Q04233	P13186
P31539	P13186
P38853	P13186
P50090	P13186
P39008	P13186
P22515	P13186
P53739	P25341
P07991	P32350
P32350	P17255
P39076	P40055
P40055	P39077
P40055	P39079
P32479	P40055
P40055	P53914
Q02931	P40055
Q12460	P40055
P53254	P40055
P40055	P42945
P08566	P38691
Q01389	P38691
P14747	P38691
P36120	P38691
P20457	P38691
P31383	P38691
P38873	P38691
P14681	Q12406
P14681	P32873
P14681	P39076
P14681	P32582
P14681	Q03532
P14681	P39003
P14681	P48525
P14681	P25293
P14681	P25297
P14681	P11154
P14681	P22138
P14681	Q03940
P14681	Q00416
P14681	P04838
P14681	P46655
P14681	P38690
P14681	P47122
P14681	Q06108
Q12446	P32319
Q12446	P38764
Q04377	P38113
P38203	P40070
Q04660	P20484
Q12522	P20484
P53261	P20484
P40485	P21965
P22133	P47912
Q12343	Q03177
P24719	P38861
P24719	P38764
P40469	P06839
P39014	Q03081
P39014	P25294
P39014	P36008
P39014	P04838
Q03702	P41811
P33750	Q03702
P32491	P32381
P32491	P28834
P32491	P40495
P32491	P09232
P32491	P38339
P32491	P38764
P32491	Q03940
P32491	P47122
P16892	P38590
Q00772	P38590
Q04149	P35189
P02309	Q04149
Q04149	P43586
Q04149	P38257
Q04149	Q08208
Q04149	Q12159
P53855	P43601
P36120	P53883
P53883	P32892
P42846	P53883
P53883	P15424
P37838	P53883
P39935	P53883
Q08962	P40991
P15646	P40991
P35178	P40991
P40010	P40991
P09232	P31378
P52891	P35729
P52891	P46673
P53011	P46673
P25644	Q07418
P08018	P50277
Q12163	P08018
P35182	P08018
P39076	P42841
P40413	P42841
P42841	P39079
P12612	P42841
P17157	P07170
Q06651	P04838
P05986	Q03407
P39004	Q12236
Q12230	Q12236
P23594	P23595
P23595	P38903
P23595	Q03940
P31383	P23595
P32345	P39076
P32345	P39077
P32345	P38705
P12612	P32345
P32345	P38193
P40164	P32345
Q08438	P33329
P21242	P22141
P38624	P22141
P40302	P22141
P22141	P40303
P22141	P23724
P22141	P23639
P22141	P23638
P32379	P22141
P25451	P22141
P22141	P21243
P22141	Q05778
P38080	P40494
P40494	P39987
P32523	Q12309
P32381	P20053
P40413	Q12417
Q12417	P39079
P16861	Q12417
P19735	P04147
P19735	P49704
P19735	P20053
P53622	P34221
Q12263	P38089
Q12447	P38089
P38089	Q03785
P21304	P39076
P21304	P39077
P40413	P21304
P21304	P39079
P12612	P21304
P25635	Q02354
P25635	P42942
P25635	Q05946
P41911	P06777
P06777	P39735
P28519	Q01454
P31244	P28519
P02309	P31244
P31244	P02294
P31244	Q12692
P31244	Q05016
P38629	P32641
P32641	P39077
P12612	P32641
P40352	P39987
P40352	P07257
Q05016	P40352
P40352	Q04894
P39076	Q12021
Q12021	P39079
P39009	Q12021
P12612	Q12021
P06839	P18238
P06839	P38077
P17255	P06839
P06839	P41277
P33298	P06839
P12753	P25390
P39009	P12753
P12753	P41811
P22216	P04912
P22216	P00817
Q12447	P22216
P22216	P53254
P22216	P34216
P22216	Q06142
P39966	P22216
Q02821	P22216
P25302	P22216
P22216	P40340
P39009	P22216
P10869	Q12223
P07342	Q12223
Q03558	Q12223
Q12223	P09232
Q12223	P41277
Q12223	P41811
Q12449	Q12223
P38555	Q12223
P33298	Q12223
P06104	P22515
P01119	P01120
P16892	P38622
P38622	P28241
P38622	Q08723
P06782	P38622
P12904	P38622
P22336	P40327
P25342	P26754
P26755	P41277
P40348	P38629
P40348	P40339
P40348	P39968
Q02821	P40348
P38629	P38251
P40339	Q12050
P38630	P40339
P06780	P07991
P06780	Q12363
P06780	P43616
P36017	P06781
P38615	P04821
P38615	Q12263
P38615	P32492
P25293	P38615
P38615	P32634
P38615	P38689
Q12265	P38615
P17157	P43565
P32836	P11745
P21672	P25367
P21672	Q04062
P21672	P53912
P10964	P46669
P28000	P22276
P28000	P10964
P07703	P22276
P07703	P10964
P07703	Q01080
P07703	P20434
P07703	P35718
P07703	P32910
P07703	P32349
P07703	P04051
P32496	Q12250
Q12250	P33299
P05317	P39004
P33298	P32381
P53691	P33298
P33298	P23301
P33298	P28241
P33298	P36016
P33298	P38764
P40016	P33298
Q12250	P33298
P33298	Q06103
Q08723	P33298
P33298	P33299
P33298	P40327
P33298	P15705
P33298	P52491
P33298	Q12019
Q12499	Q06506
P39940	P39003
P39940	P25297
P39009	P39940
P38523	P25343
P39743	P07260
P39743	P19262
P39743	P00931
P39743	P06634
P39743	P25297
P39743	P21242
P39743	Q06543
P39743	P04838
P36047	P32945
Q12199	P43612
P19454	P40856
P40856	P32528
Q12199	P40856
P17157	P25333
P04076	P41811
P40471	P41811
P53286	P41811
P39076	P41811
P39079	P41811
P07256	P41811
P49573	P41811
P39517	P41811
P08431	P41811
P28834	P41811
P36013	P41811
P16547	P41811
P13259	P41811
P16387	P41811
P18239	P41811
P09232	P41811
P21242	P41811
P43621	P41811
P09938	P41811
Q06103	P41811
P33298	P41811
P18759	P41811
P32074	P41811
P41810	P41811
P40509	P41811
P15705	P41811
P12612	P41811
P40217	P41811
P38301	P41811
P25659	P41811
Q12443	P41811
P40032	P41811
P53252	P41811
P47120	P41811
P36139	P41811
P53878	P41811
Q06440	P38968
Q05911	P53011
P37302	P53011
P49687	P53011
P52891	P53011
Q04491	P53011
P43132	P38827
Q03690	P40561
Q01560	P40561
P32588	P40561
P39936	P40561
P53316	P40561
P38272	P53141
Q00955	Q07657
P38690	Q07657
P38262	P17255
P38262	P25357
P38262	Q06078
P38262	P53345
P34164	Q04739
P06701	P17255
P11978	P43583
P11978	Q02821
Q00955	P20604
P38077	P20604
P20604	P39079
P38695	P20604
P16862	P20604
P53549	P20604
P35182	Q12469
P31383	Q12469
Q03899	P52286
Q00772	P32381
Q00772	Q01389
P53691	Q00772
Q00772	P38879
P51601	Q00772
Q00772	P08431
Q00772	P28834
Q00772	P00817
Q00772	P38692
Q00772	P13186
Q00772	P36016
Q00772	P40495
Q03558	Q00772
Q00772	P26263
Q00772	P05030
Q00772	P07257
Q00772	Q12377
Q00772	P33298
Q00772	P25294
Q00772	P41808
Q00772	P10081
Q00772	Q12449
Q00772	P53252
Q00772	Q12044
P41808	P07256
P41808	P09938
P41808	P08431
P38624	P41808
P41808	P15705
P39009	Q04964
P06782	P11076
P06782	Q04233
P06782	P09232
P06782	P11075
P06782	P04838
P12904	Q08732
Q00916	P40988
Q00916	Q03532
Q00916	P40513
Q00916	P38911
Q00916	P20604
Q00916	Q02821
P33750	P39076
P33750	P39077
P33750	P40413
P33750	P39079
P33750	Q05022
P33750	P12612
P32337	P17123
P32381	P08458
P38077	P08458
P53691	P08458
P28834	P08458
P25297	P08458
P23594	P08458
P23595	P08458
P09232	P08458
Q08723	P08458
P32610	P08458
Q12449	P08458
P38690	P08458
Q02821	P34160
Q07084	P25390
P18851	P32381
P18851	P39076
P18851	P39077
P18851	P40413
P18851	P39079
P18851	P12612
P18851	Q12449
P18851	P38690
P20459	P12754
P14741	P20459
P24869	P32944
P32944	P53622
P38853	P32944
P32944	P50101
P04051	P08153
P35177	P08153
Q04175	P39715
P38129	P39076
P38129	P39077
P38129	P40413
P38129	Q12420
P38129	P12612
P38129	P38219
P38129	P47122
P38987	P47113
P38987	Q03690
P38987	P25719
P32582	P38987
P38987	Q03532
P38987	Q12335
P38987	P20606
P38987	P10081
P38149	P38987
Q05016	P38987
P39936	P10081
P12904	P43637
P36168	P43637
P06244	P43565
P06244	P12612
P05986	P53691
P05986	P06738
P05986	P16861
P05986	P41811
P05986	P38690
P05986	P53863
P05986	P32939
P53632	P50094
P16649	Q03690
P16649	P39987
P38840	P52490
P22515	P52490
P33296	P22515
P32561	Q03010
P22579	Q03010
P23561	P36017
P36019	P36017
P39076	Q12363
Q12363	P39077
Q12363	P39079
P12612	Q12363
Q12206	Q12363
Q12206	P39079
P14680	P12753
P38191	P25569
P38123	P38764
P38123	P38827
P38123	P35187
P38123	Q08217
P34223	P38319
P23291	P18238
P23291	P00331
P23291	P53886
P07278	P23291
P23291	P07991
P23291	P32582
P23291	P51601
P23291	P23301
P23291	P38998
P23291	Q08550
P23291	P41816
P23291	P16467
P23291	P23595
P23291	Q12335
P23291	P32327
P23291	P53552
P23291	P39954
P23291	P53823
P23291	P00445
P23291	P47821
P23291	Q08975
P23291	Q06490
P23291	P10081
P23291	P31383
P05986	P23291
P23291	P22515
P23291	P38070
P23291	P39962
P23291	P53265
P23291	P48239
P23291	P38716
P23291	Q05016
P23291	P36019
P40492	P25569
P25646	P54885
P07260	Q12100
P53209	Q12100
Q07381	Q08208
Q07381	Q08444
P38068	Q12154
Q12063	P32836
Q07623	P02294
Q07623	Q12024
Q03897	P39079
Q03897	P53011
Q03897	Q08975
Q03897	P38690
P32558	Q03785
Q05583	P38774
Q05583	P39967
P52286	Q06640
Q06344	P15424
P43603	P43603
P47052	P43603
P50086	P53196
P38764	P53196
Q06103	P53196
Q04062	P53196
P33299	P53196
P40327	P53196
P53549	P53196
P33297	P53196
Q12464	P53196
P53082	P32642
P19146	P53233
P53261	Q12389
Q03532	P53261
Q12522	P53261
P40010	P53261
P53261	P36160
P53261	Q12024
P40991	P38779
P53924	P38823
P38883	P02294
P40507	P50094
P40362	Q12220
P25635	P40362
P40362	Q02354
P53254	P40362
P40362	P42945
Q05946	P40362
P40362	Q06078
Q12018	P47005
P52286	P47005
P32523	P28320
P36009	P41811
P14742	P36005
P39954	P36005
Q07418	P32807
Q04437	P38077
Q04437	P39077
P53622	Q04437
Q04437	P08431
Q04437	P28834
Q04437	P41318
Q04437	P22141
P25451	Q04437
P32496	Q04437
Q04437	P38712
P15705	Q04437
Q03897	Q04437
P40413	Q04437
P39517	Q04437
Q05946	Q12220
Q05946	P53388
Q05946	P40988
Q05946	P37012
Q05946	P04840
P17255	Q05946
P04911	Q06554
P38850	Q06164
P47050	Q06164
Q06436	P50094
Q06436	Q08208
P37838	Q06436
Q12018	Q04511
Q04305	Q04660
Q04305	P45818
P38149	Q04305
P53924	P42843
P42843	P40327
P53549	P42843
P31380	Q08217
P34216	Q12161
P02309	Q12161
P32836	Q12222
Q03558	Q12222
P07260	P18961
P09232	P18961
P06782	P18961
P17255	P18961
P39992	P18961
P18961	P53209
P07991	Q12152
P25293	Q12152
Q03558	Q12152
Q12230	Q12152
P01123	P07560
P36019	P32864
P05986	P36019
P53863	P36019
P36019	P36018
P19414	Q99260
Q99260	P16664
P40395	Q99260
P11745	Q99260
P40328	P53252
P40462	Q12024
Q00955	P40413
P16521	Q06624
P38270	Q02948
P36000	P35181
P46682	Q08951
P40518	Q05933
P40518	P53731
P40518	P47117
Q05933	P53731
Q05933	P47117
P53731	P47117
P12945	P07347
Q01939	P08566
P40413	P32381
P32381	P47079
P33204	P47117
Q07442	P35817
P34730	P35172
P34730	P31374
Q08004	P53313
P53742	Q08004
Q08920	P38996
Q08920	Q00539
Q08920	Q01560
Q08920	Q03735
Q03532	P33322
P15646	P33322
P37838	P33322
P39935	P33322
P39730	P33322
P33892	P31384
P25694	P34223
P02309	Q00362
Q00362	P50111
Q12522	Q12389
Q12522	P32892
Q03532	Q12522
P40078	Q12522
Q12522	P53145
P53313	Q12522
Q12522	P36160
P53742	Q12522
Q12522	Q12024
P40968	Q03654
Q03654	P20095
Q03654	P53131
Q03654	Q12417
Q01159	P22202
Q06632	Q12102
Q06632	Q01329
P25298	Q06632
Q06632	P35728
Q06632	Q06224
Q12102	P42841
Q12102	Q01329
Q12102	P35728
Q12102	Q06224
P38930	P32657
P32657	Q08773
P21576	P32657
P38930	P32558
P38930	P53254
Q12309	P28004
Q12309	Q06091
Q04048	Q12309
Q08685	P25298
P14832	Q12464
P38262	P14832
P22082	P14832
P25357	P14832
P40480	P14832
Q08162	P53859
P46948	P53859
P24482	P49956
P21951	P49956
P38629	P49956
P40339	P49956
P38251	P49956
P46963	Q03957
P32590	Q03957
Q06697	P89105
P89105	P38439
P38351	P89105
P89105	P53064
P48240	Q08162
Q08162	P38792
Q08162	Q08285
Q12277	Q08162
Q08162	P25359
Q08162	P53256
Q08162	Q12149
P46948	Q08162
Q08162	P38801
P38859	P22336
P25694	P36037
P33338	P34216
P38874	P42935
P42935	Q02884
P12398	P00924
P38333	Q04217
P53914	P38333
P25586	P38333
Q07381	P38333
P53254	P38333
Q08444	P38333
Q03103	Q04651
P39727	Q03103
P54837	P39704
P38631	P39704
Q03532	P39704
P35178	P39704
Q08649	P53930
P45976	Q01329
P25298	P45976
P45976	P35728
P45976	Q06224
P38310	P43561
P33322	P28007
P37838	P28007
P15442	P20053
P15442	Q06078
P14741	P22137
P14741	P09064
P53622	P38682
P32074	P38682
P38682	P41810
P38682	P41811
P33322	P20448
P32598	P20448
Q03532	P20448
Q08208	P20448
P42841	P20448
Q12460	P20448
P25567	P20448
P39927	P20448
P22138	P02309
Q04693	P49955
P33298	P38348
P33297	P38348
Q01939	P38348
P38262	P53685
P02294	Q08773
P32333	P02294
P25293	P02294
P22276	P02294
P22138	P02294
P32349	P02294
P04051	P02294
P02294	P32597
P28239	P00817
P53131	P00817
P51862	P00817
Q06412	P00817
Q07622	P00817
Q12194	P00817
P43596	P38144
P32333	P38144
P32832	P38144
Q06488	P38144
P38144	Q02206
P25632	P38144
P43609	P38144
P22579	P38144
P21576	P38144
P38144	Q08119
P00330	Q08773
P38217	P33892
P38217	P40069
P22209	P38011
P22209	P38788
P22209	P32527
P39730	P40024
P40055	Q12220
P25635	P40055
Q05946	P40055
P40055	Q06078
P40078	P40010
P53742	P40078
P34244	P53914
P10081	P53914
P53145	P09440
P38861	P53145
P38344	P53145
Q03862	P53145
P38737	P40970
P38631	P40970
P25045	P40970
P19358	P40970
P38708	P40970
P00330	P07264
P47017	P30771
P40089	P20053
P07260	P53905
P39517	P53905
Q06819	P53905
P19735	P53905
P53905	Q06217
P53905	Q12420
P00560	P41318
Q00539	Q07508
P54999	Q07508
Q00916	Q07508
Q07508	P53207
Q07508	P34160
Q07508	Q05900
Q03503	P23059
Q03690	P38112
Q04660	P38112
P33892	P38112
Q03532	P38112
Q02892	P38112
P38112	Q08208
P38112	P40991
P37838	P38112
P35207	P38112
P38112	P53136
P34241	P38112
P38112	Q12024
P10507	P38144
P53091	P29496
P32570	Q08278
P00330	P32333
P32333	P21576
P33759	P32902
P32902	P28817
P38064	P36520
Q03834	P22336
P32605	P53207
P32605	P34160
P08964	P53141
P08964	P32492
P19524	P46970
P19524	P10659
P19524	P51534
P60010	P32492
P33892	P32492
P53141	P32492
P16521	P32492
Q00539	Q01560
P39682	Q00539
Q00539	Q03776
Q00916	Q00539
Q00539	P53207
Q00539	P34160
Q00539	Q05900
P25293	Q12692
P60010	Q03435
Q03435	P80428
Q03435	Q08773
Q03435	P53125
Q03435	P43609
Q03435	Q12464
Q03435	P21576
P33322	P32495
Q04660	P32495
Q03532	P32495
P15646	P32495
P20053	P32495
P32495	Q06078
P39744	P32495
Q08773	P89501
P53125	P89501
P32333	P89501
P43609	P89501
Q12464	P89501
P32597	P89501
P21576	P89501
P00330	P43601
P40991	Q08965
Q06205	P40991
P37838	Q08235
P37838	Q06218
P37838	P32892
P37838	Q04660
P37838	Q03532
Q02892	P37838
P37838	Q08208
P37838	P40991
P37838	P40693
P37838	Q12460
P37838	Q12176
P37838	P40010
P37838	P53261
P37838	P38779
P37838	P42945
P37838	Q12019
P37838	P39744
P37838	Q12754
P37838	Q12024
P14907	P40477
P14907	Q02630
Q04491	P41543
P41543	P53011
P53900	P48363
Q04493	P48363
P52553	P48363
P25298	P29468
P29468	P35728
P39081	Q12102
P15790	P39081
P39081	Q06224
P12868	P27801
P27801	Q03308
P20795	P27801
P38959	P27801
P27801	P39702
Q01329	P42841
P39927	P42841
P53622	P00560
P00560	P41811
P38291	P38786
P23595	P22141
P21242	P23595
P23595	P30656
P40302	P23595
P23595	P40303
P23595	P23724
P23595	P23639
P23595	P23638
P23595	P25043
P32379	P23595
P25451	P23595
P23595	P21243
P00358	P23595
P32345	P00359
P53043	P02829
P30657	P23639
P40302	P23639
P23639	P40303
P25451	P23639
P21243	P23639
P40066	P32264
P04911	P23394
Q12464	P23394
P20053	P49704
P38282	P49704
P20053	Q12420
Q12309	P53131
Q12417	P53131
P36048	P53131
P40968	P28004
P28004	P53131
P32523	Q12417
P43321	P33334
P38431	P06103
P32337	Q06218
P21242	P32337
P40302	P32337
P32337	P40303
P32337	P23639
P32337	P33298
P32337	P33297
P32337	P21243
P32337	Q12159
P42073	Q01329
Q01329	P35728
Q01329	Q08553
Q01329	Q06224
Q06102	Q01329
P29295	P34221
P22219	P34221
P34221	Q07381
P32588	P20448
P38996	P32588
P30771	P32588
P32588	Q01560
P22082	P32588
P34160	P32588
Q03735	P32588
Q06205	P21304
P25635	P04046
Q06631	P25635
Q08492	P25635
P25635	P33322
P25635	P38719
P25635	Q12220
P25635	Q04217
P25635	Q03103
Q07623	P25635
P25635	P20448
P25635	P04912
P25635	P32899
P25635	P53941
P25586	P25635
P25635	P47083
P25635	Q02931
P25635	Q99207
P25635	P40303
P25635	P23638
P25635	P53131
P25635	P45818
P25635	Q06506
P25635	P21243
P25635	Q12460
P33750	P25635
P25635	P35194
P25635	Q06679
P25635	Q06344
P25635	P53254
P25635	P48234
P25635	P42945
P25635	P36144
P25635	Q06078
P25635	Q04305
P25635	P53743
P25635	Q06512
P31244	P00330
P31244	P21576
P32628	Q04062
P32628	P33298
Q01939	P32628
P32628	Q06665
P32333	P21538
P42073	Q06224
P32074	P43621
P43621	P41810
P38111	P22336
P40348	Q12050
P38251	Q12050
P38630	P38251
P40339	P38251
P25298	P25299
P32529	P10964
P07703	P32529
P22139	P10964
P20434	P16370
P34087	P16370
P27999	P16370
P34087	P38902
P22139	P35718
P32910	P35718
P04051	P35718
P32910	P22276
P32910	P04051
P07703	P22139
P15790	P32561
P32561	Q08923
Q03532	P38805
P24783	P05736
P50086	P38886
P38886	P22141
P38886	P30656
P40302	P38886
P38886	P40303
P38886	P23724
P38886	P23639
P38886	P23638
P25451	P38886
P43588	P38886
P32496	P38886
Q12377	P38886
Q08723	P38886
P38886	P40327
P53549	P38886
Q01939	P38886
P38886	P21243
P43588	P32496
P43588	Q12377
P43588	P40327
Q01939	P43588
P32496	P22141
P40302	P32496
P32496	Q12377
P32496	P40327
P32496	P53549
P32496	P33297
Q01939	P32496
Q12250	P22141
Q12250	P30656
P38624	Q12250
P40302	Q12250
Q12250	P23724
P40016	Q12250
Q12250	P53549
Q12250	P33297
Q01939	Q12250
Q12250	P21243
Q12377	P40327
Q12377	P53549
Q12377	P33297
Q01939	Q12377
P40302	Q08723
Q08723	P23638
P04051	P22276
P04051	Q04307
P28000	P04051
P04051	P36121
P04051	P32349
P09119	P33299
P38886	P33299
P43588	P33299
P32496	P33299
P40016	P33299
Q12377	P33299
Q06103	P33299
Q08723	P33299
P33299	Q04062
P53549	P33299
P33297	P33299
Q01939	P33299
Q12250	Q12468
Q05636	Q08162
Q05636	P53256
P46948	P53256
Q06697	P53064
P53064	P38439
P38351	P53064
P31383	P38903
P36116	P39904
P30656	P21243
P38624	P21243
P30657	P21243
P40302	P21243
P21243	P40303
P21243	P23638
P25451	P21243
P19263	P21243
P06105	P38011
P15790	P06105
P53313	P53145
P53313	P40010
P53742	P53313
Q04491	P35729
Q04491	P52891
Q04491	P46673
P53011	P41811
P19454	P38968
P24783	P38968
P11075	P00330
P11075	P38631
P11075	P14742
P11075	P28241
P11075	P40069
P11075	P23641
P11075	P10659
P11075	P38708
P38262	P53096
P38262	Q06142
P38262	P36124
P22579	P19454
P16649	P22579
P22579	Q07458
Q12329	P25294
P20604	P39960
P39076	P20604
P04821	P20604
P20604	Q08732
P46948	P38792
P32790	P38822
P32790	P43603
P43535	P33333
Q02260	P43321
Q06217	Q12330
Q03338	P40204
P49704	P40204
P20053	P40204
Q12417	P40204
Q06217	P40204
P43321	P40204
Q12420	P40204
P39682	P54999
P54999	Q03776
P43321	P54999
P06782	P38990
P06782	Q00816
P15790	P12904
P12904	P38990
P18480	P32591
Q00916	P53207
Q00916	P34160
P19454	P32558
P35177	P53040
P38129	P35177
P32569	P32570
P38011	P32589
P37838	P38789
P34160	P23293
P39935	P34160
P33767	P39007
P05453	P38760
P46677	Q12297
Q12030	P53040
P23641	P38085
P36008	P32471
Q08972	P36008
P36008	P41811
P39076	Q07471
P39935	P38011
P02309	P39935
Q00916	P39935
P32074	P38288
P38288	P41810
P31383	P50111
P54786	P31383
Q00764	P10081
Q00764	P40434
Q01389	P50101
P19524	P50101
P38886	P43593
Q01939	P43593
P28274	P10081
P47104	P16140
P39111	P32610
P52917	P48582
P38932	Q08144
P32790	P37370
P39735	P06169
P32337	P39713
P39706	P43132
P39706	P38827
Q03323	P39706
P39706	Q03012
P32571	P34227
P38123	P43132
P38123	P38788
P38123	Q03012
P25382	Q12019
P53877	P25382
P40160	Q07381
Q07381	Q12754
Q12176	Q08208
Q12176	P53927
P32898	P12695
P16451	P32898
P36100	P89886
P89886	P47089
P53254	P38011
P53254	Q12220
P53254	Q04217
P45818	P53254
P53254	Q06078
P53207	Q05900
P40968	P28320
P28320	Q12417
P42841	P35728
Q06224	P35728
Q06102	P35728
P40010	P36160
P53742	P36160
P10964	Q07844
Q01939	Q07844
P53927	Q12389
P53927	P32892
Q03532	P53927
Q02892	P53927
P37838	P53927
P53927	P40010
P40160	Q08444
P39927	Q08553
Q06102	Q06224
Q04491	Q06102
P23595	P50111
P25357	P50111
P40480	P50111
P54786	P23595
P32527	P38011
P32527	P38788
P06782	P18494
Q08920	P32641
P25301	P32641
Q12175	P32641
Q08949	P32641
P38827	P38337
Q03012	P38827
Q03323	P38827
P43132	Q03012
Q03323	Q03012
Q03323	P38123
P38827	P36104
P43132	P36104
P43132	P38337
P39706	P36104
P39706	P38337
Q03012	P36104
Q03012	P38337
P38123	P36104
P38123	P38337
Q03323	P38337
Q06632	P36104
Q12102	P36104
Q06224	P36104
Q01329	P36104
P42073	P36104
P35728	P36104
P42841	P36104
P32598	P36104
Q08553	P36104
P32523	P21374
P32523	P53277
P32523	Q04048
Q04048	Q06091
P21374	P53277
Q04048	Q04048
P00546	P34252
P17255	P37296
P16140	P37296
P37296	P41807
P37296	P31412
P32366	P37296
P32610	P37296
P37296	P22203
P39111	P37296
P48836	P37296
Q04868	P42935
Q02908	Q02884
P38874	Q02908
Q04868	Q02908
Q06706	Q02884
P38874	Q06706
Q04868	Q06706
P38874	Q02884
Q04868	Q02884
P32562	P47113
Q12248	P35734
Q12248	Q03954
Q12248	P36162
Q12306	Q12216
Q04195	P50623
Q04195	P32458
P50623	P32458
Q04195	P32457
P40480	P25357
P25357	P36124
P25357	P53096
P25357	P53685
P40480	P36124
P40480	P53096
P40480	P53685
P36124	P53096
P53685	P53096
P14832	P53096
P36124	P53685
P14832	P53685
P46676	P53685
Q12192	P53685
Q12192	P46676
P47064	P38153
P13902	P32607
P13902	P38165
P13902	P07270
P13902	P33122
P13902	Q06409
P13902	P53750
P13902	P33306
P39682	P53207
Q03776	P53207
P53207	Q03782
Q02260	P53207
Q06217	P53207
P43321	P53207
Q08920	P10863
P40316	Q03018
P89102	P33332
P34730	P34730
P34730	Q03898
P34730	Q06648
P34730	P48566
P34730	O14467
Q01722	P34730
P34730	P38232
P34730	P53043
P34730	P25579
P34730	P32905
P34730	Q06251
Q03898	Q03898
P11972	Q12301
P11972	P48568
P11972	Q06676
P11972	P40073
P11972	P40103
P14681	P11972
P11972	P53211
P53039	P11972
P38853	P11972
P40450	P11972
P47042	P11972
Q06696	P11972
P11972	P52919
Q03697	P11972
P40959	P11972
P11972	Q08144
P32854	P11972
P32776	P28519
P04050	P28519
P28519	P06839
P06838	P28519
P28519	P26754
P28519	P06779
P07269	P00546
Q06697	P38351
P38351	P32585
P29055	Q06697
Q06697	P27692
Q06697	P38439
P08518	Q06697
P04050	P89105
P38351	P17629
P04050	P17629
P38351	P38439
P21190	P32581
P47113	Q00684
P38987	Q00684
P26448	Q00684
P07269	P08153
P06773	P47027
P22804	P11076
P11076	P22214
P25385	P11076
P22804	P53622
P22804	P41810
P22804	P41811
P32074	P22804
P22804	P43621
P22804	P40509
P22804	P53600
P22214	P53622
P22214	P41810
P22214	P41811
P32074	P22214
P22214	P43621
P22214	P40509
P22214	P53600
P25385	P53622
P25385	P41810
P25385	P41811
P32074	P25385
P25385	P43621
P25385	P40509
P25385	P53600
P35056	P13711
P21672	Q04964
Q08746	P06380
Q08746	P36049
P53953	P48415
Q01590	P53953
Q01590	P38810
P47104	P52286
P52286	P32324
P52286	P39531
P52286	P53116
P52286	P38352
P52286	P40969
P52286	Q04847
P52286	Q03956
P47104	Q03956
P47104	P17255
P17255	Q03956
P16140	Q03956
P22203	Q03956
P32610	Q03956
P47104	P32610
P47104	P22203
P52286	P32610
P52286	P22203
P52286	P16140
P52286	P17255
Q12365	Q12365
P32504	P32504
P53971	P53971
P41921	P41921
P15992	P15992
Q12329	Q12329
P02829	P02829
P19262	P19262
P35191	P35191
Q12514	Q12514
P40316	P40316
P07270	P07270
P21304	P21304
P21651	P21651
P11075	P11075
P38889	P38889
P40574	P40574
Q05580	Q05580
Q04411	Q04411
P53163	P53163
P38748	P38748
P40473	P40473
Q04461	Q04461
Q12440	Q08683
Q12440	Q04601
P14724	Q12440
Q08683	Q12107
Q08683	P53068
Q08683	Q04601
Q08683	Q12157
P14724	Q08683
Q12107	Q04601
P53068	Q04601
Q12157	Q04601
P14724	Q04601
P14724	Q12157
P53068	Q12157
Q12107	Q12157
P04838	P48510
P32628	P48510
P15891	Q04439
P15891	P40563
P38198	P38198
P02557	P38198
Q12263	Q12263
P25342	Q12263
P32458	Q12263
Q12263	Q07657
Q12263	P53890
P32458	Q07657
P00546	P40316
P53079	P40094
P53271	P53079
P53959	P40094
P01123	P40094
P53271	P01123
Q01590	P40094
P38736	P40094
P36015	P40094
P22214	P40094
P53271	Q01590
Q01590	P53079
Q01590	P53959
Q06096	Q01590
P32074	P40094
P53271	P32074
P14922	Q08923
Q03330	Q08923
Q02336	Q08923
P32494	Q08923
P06844	Q08923
P35203	P02829
P52286	P02829
P02303	Q04089
P02303	P46995
Q08465	P34218
P35189	P34218
P32558	P34218
Q03898	P21538
P40020	Q03898
Q03898	P38838
P32864	Q00618
P22141	P38764
P22141	P32565
P40016	P22141
Q12377	P22141
P22141	Q06103
Q08723	P22141
P22141	Q04062
P43588	P22141
P22141	P33299
P33298	P22141
P33297	P22141
Q01939	P22141
P38304	P22141
P22141	O13563
P50086	P33299
P33299	O13563
P33299	P38439
P89105	P33299
P38351	P33299
P33299	P43593
Q01939	P50086
Q01939	O13563
P38886	O13563
P43605	P43605
P43605	Q12158
P43605	P40541
P43605	Q04264
P38920	Q08214
P38920	P39875
P26448	P38987
P26448	P47113
P08539	P16892
P09798	Q96VQ3
P16522	P53197
P24870	P53197
P32562	P53197
P26309	P40316
Q12018	Q03919
P47134	P32504
P52286	P47134
Q12018	P38634
P52286	P38634
P24814	P20437
P25385	Q01590
P22804	P22213
P25385	P22213
P22214	P22213
P22214	P32602
P32939	P53093
P53093	P36018
P53093	P36019
P53093	P07560
P53093	P51996
P53093	P38146
P53093	Q99260
P53093	P48559
P53845	P32939
P53845	P36018
P53845	P07560
P53845	P51996
P53845	P38146
P53845	P36017
P53108	P32939
P53108	P36018
P53108	P51996
P53108	P38146
P53108	P48559
P53108	P36019
P53108	P01123
P53845	P48559
P53845	Q99260
P53093	P53093
P53845	P53093
P08539	P04838
P10961	P38889
P33419	Q12365
P53159	Q12365
P11927	Q12365
P53064	P27692
P38351	P27692
P38439	P27692
P89105	P27692
P15303	Q01590
P40482	Q01590
P34253	P42935
P34253	P38874
P34253	Q02908
P13393	P32337
P35729	P53011
P11075	P32074
P11075	P40482
P11075	P15303
P21672	P21672
Q02821	P38637
P43588	P38637
Q12159	Q12159
Q12159	P36036
P36036	P36036
Q99257	P36036
Q12159	Q99257
P32337	P36036
P32337	P19880
P19880	P40069
P40069	P04456
P32337	P04456
P22579	P21957
P26798	P21957
P22137	Q06677
P81449	P81449
P15873	P38766
P15873	P25336
P15873	Q03834
P15873	P12887
P25615	Q08387
P36116	Q12071
P36116	P47061
Q03322	P36116
P36116	Q99260
Q06551	P41912
P35203	P40969
P35203	P32504
P53299	P57744
P32897	P53299
P32897	P57744
Q12083	P35187
P38764	P48510
P32628	P33299
P32628	P32558
P04050	P32628
P32628	P38304
P13393	P32628
P32628	Q02939
P13393	Q02939
P38129	Q01939
P07270	P53549
P07270	P33299
P07270	Q01939
P13393	P07270
P07270	Q02939
P39940	P43602
P39940	Q02805
P60010	P39940
P33338	P39940
P19812	P41817
P87108	P18239
P35180	P18239
Q08204	Q07913
Q12749	Q07913
P87108	Q08204
Q12309	P32833
P19524	P48559
P32790	P32486
Q12446	P32486
Q04439	P47117
P00175	Q02776
P32897	Q02776
P16522	P24869
Q07732	P32336
Q07732	P53865
Q07732	P36094
P46677	P25655
P25655	Q12297
P50105	P25655
P53040	P25655
Q12030	P25655
P25655	Q04226
P46677	Q12030
P46677	Q05021
P46677	P06102
P46677	Q12514
P40515	P47025
P47025	P47025
P32790	P25369
P06700	Q06340
P06700	Q08119
P19659	Q08119
P53259	P00431
P40341	P00431
P33297	P48510
P48510	Q04062
P32628	P33297
P48510	P32565
P32628	P32565
P04386	P39073
P03069	P39073
P00546	P24814
Q02555	P28007
P00729	P32915
P32915	P00724
P01365	P32915
P25385	P00724
P25385	P00729
P38353	P00724
P10823	Q12361
P10823	P39717
P10823	P53130
Q08886	P53130
P53130	P39717
Q08886	P10823
P04838	P38753
P04838	P40343
P32458	P53890
P25342	P53890
P32457	P53890
P32468	P53890
P43568	P23293
P32566	P33306
P38855	P80667
P50091	P80667
P50091	P27796
P38855	P27796
P53112	P53112
P34162	P32585
P34162	P32569
P34162	P04386
P04386	P32585
P04386	P32570
P11978	Q03661
P38072	P00410
P38072	P23833
Q12009	Q03774
P15646	P27476
P15646	P28007
P15646	Q6Q547
P33322	Q6Q547
P53919	P28007
P53919	Q6Q547
Q02256	P53261
Q12328	Q08749
Q12159	Q07478
P02303	P38991
P06782	P02303
P12612	P39076
P32479	P32479
P32479	P32480
P05626	P00854
Q06405	P05626
P31539	P47103
P33313	P31539
P31539	P15705
P40477	Q02630
P40064	P49687
P01365	P53337
P36000	P22137
Q00776	P35181
P38700	P35181
P27351	Q99186
Q00381	Q99186
P27351	Q00381
Q12241	Q08951
Q12241	P46682
P38959	Q08951
P53267	P38283
P53168	P38283
P53267	P38991
P53168	P38991
P02829	P12351
P25491	P12351
P12351	P25567
P40963	P40963
Q04003	Q04003
Q12495	P40963
Q12495	Q04003
Q12495	Q99314
P32897	O74700
P87108	P32897
Q08920	P07260
P39935	Q08920
P32939	P38273
P12684	Q02159
P12683	Q08109
Q05787	P12683
P47083	P32899
P40460	P32908
P40460	P38989
P27472	Q06216
P27472	P40187
P38013	P38013
P32628	P25043
P32628	P22141
P43321	Q06406
P43321	P39990
P43321	Q06217
P43321	P38203
P43321	P40089
P43321	Q12330
P43321	P32639
P43321	P36048
P43321	P19735
P43321	Q12420
P43321	P49704
P43321	Q03338
P43321	P20053
P43321	Q00723
P43321	Q12368
P43321	P40070
P43321	Q06819
P41697	P41697
P24869	P04838
P29539	Q06208
P15705	P06101
P47103	P06101
P37303	P37303
P11978	P38262
P33339	Q12415
P10834	P10355
P10834	P07390
P20967	P20967
P19263	P32259
P10591	P38792
P25359	P38792
Q12277	P38792
P40357	P39926
P39952	P00410
P39952	P00420
Q04005	P41697
Q02574	P38827
P53045	P53199
Q12452	P53045
P38910	P19882
P41546	P41546
P39727	Q04651
P47017	P47017
P47093	P47017
P57743	P57743
P40089	P40089
P40018	P40070
P12868	Q03308
P12868	P20795
Q99257	P38760
Q12390	Q12390
P09938	P09938
P53378	P52553
P53378	P48363
P53378	P53900
P53378	Q04493
P52553	P40005
Q04493	P40005
P09232	P25580
Q05787	Q08109
P50105	Q03761
P40348	P49956
Q12033	P33400
Q12033	Q12033
P40395	P16664
P32381	Q06440
P53731	Q06440
P40450	P32364
P40450	P41697
Q02732	P40969
Q02732	P32504
Q02732	P36012
P53298	Q02732
Q06675	Q02732
Q06675	Q06675
Q06675	P53298
Q06675	P35201
P52286	Q06675
P53298	P32504
P53298	P40969
Q04338	P27801
P20795	Q03308
Q07468	Q03308
P53129	P38273
Q03308	P38273
P53129	P27801
P12868	P53129
Q07468	P53129
P53129	P53129
P39952	P32387
P22138	P38111
P53622	P53847
Q12495	P21691
Q08491	Q08162
P38801	P38792
P38801	Q12149
P24869	P25558
P53378	P39723
P38863	P46675
P39723	P39723
P52917	Q06263
P52917	Q04272
P36027	Q08245
P38111	P22216
P22216	P22216
P22216	P53551
P38629	Q12050
Q02721	P33323
P23179	Q02721
Q08491	P30771
P04050	P43132
P06104	P43132
Q08491	P38798
Q07418	P32800
P28795	P28795
P80667	P28795
P28795	Q08215
P29340	P29340
P35056	P35056
Q07418	P35056
P29340	Q05568
Q05568	Q05568
P80667	Q05568
Q08215	Q05568
Q07418	Q05568
Q12462	Q12462
Q07418	Q12462
Q05568	Q04370
P80667	Q04370
Q08215	Q04370
Q07418	Q04370
P80667	P80667
P80667	Q08215
Q07528	P80667
P49334	P80667
P53112	Q08215
Q07418	P53112
P40155	Q08215
Q07418	P40155
P39718	P29340
P39718	Q05568
P39718	Q08215
Q07418	P39718
P39718	Q04370
P39936	P32911
P32911	P38431
P39935	P38431
P14682	P14682
P04838	P14682
P04050	Q12102
P04050	Q06632
P04050	P39081
Q12102	Q12102
Q12102	P53538
Q12102	Q07509
P39081	Q06632
Q08685	Q06632
Q08685	Q06224
P39081	Q01329
P08018	P25390
P09798	P53197
P00546	P30283
Q00684	P53197
P00546	P32944
P32562	P32944
P00546	P38634
P04838	P38634
P00546	P38990
P00546	P31380
P00546	Q03834
P00546	Q08581
P00546	P38859
P00546	P50090
P00546	P38810
P00546	P24583
P38717	P00546
P00546	P32325
P00546	P08153
P00546	P53345
P07866	P00546
P00546	Q07980
P00546	P40340
P00546	Q12267
P00546	P38826
P00546	Q12263
P00546	P40484
P00546	P32873
P00546	P50275
P00546	P36006
P00546	P39083
Q00416	P00546
P00546	P52919
P00546	Q03898
P09959	P00546
P00546	P13186
P00546	P53739
P00546	Q12100
P23201	P00546
P00546	P47029
P26309	P00546
P17119	P00546
P00546	P22204
P00546	P32328
P39520	P00546
P00546	P32562
P00546	Q08229
P00546	P24279
P00546	P36165
P00546	Q08550
P00546	Q04930
P00546	P28743
P00546	Q07084
P00546	P34161
P00546	Q12236
P00546	P38991
P00546	P21192
P00546	Q06616
P00546	P32356
P00546	P32334
P00546	P24482
P00546	Q06407
P00546	P47116
P00546	P28708
Q12495	P00546
P00546	P53086
P00546	P32801
P00546	P38853
P41697	P00546
P00546	P47135
P32380	P00546
P60010	Q08873
P47041	P32600
P35169	Q08921
P35169	P38873
P32600	P41318
P32600	Q08236
Q04749	P32600
P32600	P40061
P38873	Q08921
P38873	P41318
P41318	Q08236
Q04749	P41318
P40061	P41318
P41318	Q08921
P47041	P41318
Q03919	P47050
Q03919	P53202
Q08273	P53202
P04838	P22515
P04838	P20437
Q08273	P14682
P52286	P14682
P52286	P20438
P04838	P32389
P07834	P38634
Q12018	Q08446
P15108	Q08446
P17106	P32504
P17106	P40969
P35203	P17106
P17106	P35201
P17106	P17106
Q03071	Q03071
P53861	Q03071
P09119	P29469
P38013	P26188
P02293	P26188
P39743	Q12344
P38129	Q03619
Q03407	O13559
P05986	P05986
Q12260	Q12503
Q07528	P47057
Q06543	P32793
P39547	P39548
P36057	P38353
P25376	P33303
P23968	P25515
P32803	Q12450
P38723	P39546
P53176	P38723
P32803	P38819
P38819	Q12450
P46965	P15367
P53176	P36029
P14906	P30605
P39547	P31382
P39547	P38776
P39547	P40548
P39547	P41543
P39547	P36172
P39547	P38428
P39547	Q03263
P39547	Q08193
P39547	Q12256
P38287	P35206
P35206	P25515
P23968	P35206
P38084	P41815
P32803	P38085
P38085	P38819
P38298	Q12450
P38264	P38353
P40319	P38353
P38264	P38358
P38358	P38286
P53176	P38156
Q04697	P38156
P39551	P25376
P25376	P87284
P25376	P08456
P25376	P43561
P25376	P53337
P23968	P25376
P25376	P40548
P25376	P35723
Q06135	P25376
Q04697	P25376
P25376	Q12450
P25376	P40350
P25376	P32842
P25376	P53388
P25371	P38286
P38264	P25360
P25346	P38264
Q99190	P39540
Q99190	Q12450
Q07376	P25515
P23968	Q07376
P38264	Q99385
Q99190	Q12424
P54854	P47186
P40319	P41815
P38264	P38992
P08456	P38992
P40548	P38992
P36057	P38992
P40319	P38992
Q04697	P38992
Q12006	P38992
P38992	Q12450
P38992	Q08980
P49018	P25515
P53174	P49018
P49018	P53048
P23968	P49018
P49018	P47185
P16151	P38988
P16151	P10566
P32332	P16151
P40319	Q04121
Q06815	Q04121
P48813	P38264
P48813	P38286
P48813	P40478
P38264	P25515
P35723	P25515
Q12450	P25515
P04817	P38264
P04817	P16661
P04817	P38286
P04817	P43561
P53176	P04817
P04817	P53337
P38729	P04817
P04817	P40548
P04817	P40478
P04817	P35723
P04817	P36057
P04817	Q06135
P40319	P04817
P04817	Q04697
P04817	Q08271
P04817	Q12450
P04817	P40350
P04817	P32842
P16151	P40009
Q12396	P43555
Q06644	P43542
P53181	P43542
P06775	P43542
P53176	Q07904
P53176	P23585
P53142	P39548
P53142	P38264
P53142	P49018
P53142	P40319
P53142	Q04697
P53142	Q12402
P38264	P13586
P32803	Q99190
P32803	Q04562
P32803	P38992
P53045	P32803
P32803	P22140
P38842	P32803
P32803	P40319
P32803	Q04697
P32803	Q03655
P32803	Q06598
P53045	P38264
P53045	P08456
P53045	P40548
P46956	P53045
P53045	P36057
P53045	P40319
P53045	Q04697
P53045	Q12006
P53045	Q12450
P53045	P46961
P32803	P53283
P06775	Q12450
P53322	P38286
P53176	P53322
Q12402	P53048
Q05998	P53344
Q06135	P53344
P38729	P38156
P38729	Q02774
P38729	P43562
P38729	P53181
P38729	P06775
P38729	P42934
P38729	P40548
P38729	P46956
P38729	P40319
P38729	Q04697
P38729	P38428
P38729	P14906
P38729	P46961
P38729	P53388
P38729	Q12402
Q02774	P38723
P38723	P53048
P38723	P40548
P41543	P38723
P38723	P42946
P46956	P38723
P38723	P36107
Q04697	P38723
P38428	P38723
P14906	P38723
Q08902	P38723
P46961	P38723
Q12402	P38723
Q06451	P38723
P18238	P38702
P23968	P38264
P23968	P35723
P23968	Q12450
P38695	P38152
P38695	P54854
P40319	P38819
Q04697	P38819
P38837	P16661
P38837	P12683
P38842	Q99190
P38842	P38992
P38842	Q06451
P40527	P38264
P38264	P40475
P38286	P40475
P53176	P40475
P38264	P40440
P41544	P32802
P46961	P42946
P46956	P46965
P43581	P40890
P38264	P47186
P40319	P47186
P25358	P47187
P40885	P47187
P36062	P38264
P36062	P28496
P32368	P38286
P36034	Q12372
P19145	P38286
P53176	P19145
P40319	P41800
Q07824	P38264
Q07824	P53176
Q07824	P38842
Q07824	Q02795
Q07824	Q12450
P38264	Q12372
P16661	Q12372
P38286	Q12372
P87284	Q12372
P53337	Q12372
P40548	Q12372
P35723	Q12372
P40319	Q12372
Q04697	Q12372
P38286	Q07904
Q12078	P25515
P23968	Q12078
P32802	Q12450
P32915	P38264
P32915	P36057
P32915	P40319
P46965	Q04651
P38264	P25297
Q04697	P25297
P47090	Q02795
Q02795	P53389
Q03655	P38264
Q03655	P38286
Q03655	P25376
Q03655	P39540
Q03655	Q04697
Q03655	Q12450
Q03263	P38264
P38264	P50944
P38703	P50944
P39704	P17898
P32803	P17898
P22140	P17898
P17898	Q12450
P42839	P38264
P27514	P38264
P38264	P53389
P38967	P38264
P38967	P25358
Q08193	P38264
P38264	Q08271
Q08271	P38286
Q04697	Q08271
Q08271	Q12450
Q08271	Q08986
P54862	P38264
P40319	P54862
P54862	Q04697
P33328	P38735
P33311	P33328
P39552	P46961
P46961	P16661
P46961	P38992
P38842	P46961
P46965	P46961
P46961	Q04697
P46961	Q03655
P46961	P53954
P38264	Q08986
P16661	Q08986
P38286	Q08986
P25358	Q08986
P08456	Q08986
P53337	Q08986
P40548	Q08986
P40478	Q08986
P36057	Q08986
Q04697	Q08986
P38993	Q08986
Q12450	Q08986
P40350	Q08986
P53049	Q12482
P49573	P38286
Q06451	P38264
Q06451	P38286
P53176	Q06451
Q06451	Q12450
P38264	P33335
Q06598	Q12450
P06782	P06782
P03069	P03069
P39008	P39016
P39016	P31384
P39517	P39016
Q07540	Q07540
P12904	P12904
Q03096	Q06163
P13393	P38304
P18888	P14736
